headword,reading,level,csvGloss,japaneseId,englishId,japanese,english,japaneseSha256,englishSha256,status,reviewer,reviewedOn,verifiedSense,reviewedReading,notes
ああ,ああ,N5,"Ah!, Oh!",229847,67211,ある人はこうだと言い、またある人はああだと言う。,"One man says this, another that.",2f9775f391c8e6f8122a3802916b24bdeba8e7799955ddb69e75e9cd4b6ec947,ee148962ccbfa5ecf529fa0d1623f5e96d64cfed2634e864234e77c8a2859945,pending,,,,,
ええ,ええ,N5,yes,74920,328799,君、ええ仕事をしてるな。,You're doing good work there.,f9ef084be4f1c86d7128256a776261b924f46ff88da26733965b038fc813cd2b,df10a0919212c943af81737e80969c852de4899d0937e2238bb031f659f5f384,pending,,,,,
ええ,ええ,N5,yes,75055,328664,「マナカの絵、見して」「えーー、恥ずかしいですよー」,"""Lemme see your painting, Manaka."" ""Must you? It's embarrassing!""",6294a016e401bb6058f4b1f86bcface578eb02dab5df6db24bf4c81dae47db8f,710b29cd77bdaf721bea9b949d429f98e2bf08c06f483e7ae5259a37981b3db2,pending,,,,,
ええ,ええ,N5,yes,228010,65363,ええ、ほとんど私と同じくらいの背丈になっていますよ。,"Yes, he's almost as tall as I am.",814a43142b27d4ac361e40b7843d3fee6122891382801e1e701ec99cff4d7134,0dd351c091e61d2c0748809f45c74e2bbe182ed8062cc53902e7012daa37137b,pending,,,,,
お兄さん,おにいさん,N5,(someone else's) older brother (formal),117748,285286,彼のお兄さんは有名なサッカーの選手です。,His brother is a famous soccer player.,062c4f2486b877f15866fc4d53408a48a0d74479fb60d08a468a9d2947461e20,261f37649abe31791546ab7dcbdf4492cf5368dcf34bc7593919720a2ca5e7f2,pending,,,,,
お姉さん,おねえさん,N5,older sister (formal),75614,328104,ねえ蓮、お姉さんが手をつないであげようか？キミは毎年すぐにはぐれちゃうもんね。,"By the way, Ren. Should I take your hand? Every year you wander off.",5162b386ac566094ae34e24698c4373463e5a6844fe74aa7726fbd9da61f437b,4739a66fd50219ebc203f4a576ce87b0d0baebf566e9fbdf336c4144ef17223b,pending,,,,,
お姉さん,おねえさん,N5,older sister (formal),233601,70973,あなたのお姉さんは審美感があるね。,Your sister has a sense of beauty.,8fefd660a7ab94f62fa77c9a3185e1f953ba378ed27a816d69b38de6becb0350,5ff98e460b48f615aa4a516f376bba18af815e7ccd87102bc57d64d75cc5a84c,pending,,,,,
お弁当,おべんとう,N5,a boxed lunch,107100,296586,彼は今日、お弁当を持って来た。,He brought his lunch today.,6ec5511c26b119cf9698df440247c44e6064e6ee4965ecdb735aff6e80c9189b,15549038e38af874264273e082d36455f77392fd36ccbfe1568b9e6fffe61d67,pending,,,,,
お手洗い,おてあらい,N5,"toilet, restroom, bathroom (lit., a place to wash one's hands)",227063,38932,お手洗いはどこですか。,Where's the restroom?,1cb5713a2fe16d2ba850364750279434142b8808d2ff1824fc2ef2f2130a3dcb,a23da9268021fc374571e686b9d28da9b9afa2c946b5d63996add6a9ef4818fb,pending,,,,,
お母さん,おかあさん,N5,mother (formal),226625,63969,お母さんに口答えしてはいけませんよ。,Don't answer your mother back.,a86ef4b3bdb09ec615189b3de57e7eb76c4d34403d831332d2160bedba1fed84,4ac0046b37e08eacabb7fe770727f54296446c4af09f6c1eb773da3a8c1c331a,pending,,,,,
お父さん,おとうさん,N5,father (formal),226723,64067,お父さんは煙草の煙でたくさん輪を作れる。,Dad can blow many smoke rings.,b74a6f5a657882c2306b6f5651bdcaf03c5f9898c5042e0e1cc3bfbb281bac60,80de03cfc79f44d94617558c25448ba6423965d294f401d1941143fa8da01e55,pending,,,,,
お皿,おさら,N5,"plate, dish",182363,19540,給仕は新しいお皿を持ってきた。,The waiter brought a new plate.,bfb91166b21f121175869d8f850c7173815a89fe794504e6a90ed744a6e91450,4c66d9e14e19c9a8bfdf4f925f5474635b711a645b7dda41e472888f3d9c9357,pending,,,,,
お腹,おなか,N5,stomach,229459,66818,いいえ、結構です。お腹が一杯ですから。,"No, thank you. I've had enough.",2cf091c3c5a625de71f86324f7cef665656c9859add00a828087ae53788bdc8c,731ce4129e0773bfa13125787b45cc380d876a7230679b73fb76c70f6db85ce7,pending,,,,,
お茶,おちゃ,N5,(green) tea,217046,54353,ご都合のよいときにお茶を飲みにお寄りになりませんか。,Why don't you drop in for tea at your convenience?,fead43cea78ae304497fe2ab28f31d859d3740afe7ecb16237f657bb1d77504d,25144ecdbbaf8d15581a3eff1d73c5acd349678f5d19f7d12fa91371abe09188,pending,,,,,
お茶,おちゃ,N5,(green) tea,235316,72694,３時はお茶にしよう。,Let's have tea at 3:00.,58a83c4e11ad03d8c4a74b6c99cad4ff531b70726827094683084a65975ca812,66f9c4acfc1bb761180c86f242c9e0f460fdb94d8ee2b9ded5f6ca8a546910ac,pending,,,,,
お菓子,おかし,N5,"confections, sweets, snack",227385,64737,お菓子で赤ちゃんが窒息するところだった。,The baby almost choked on a piece of candy.,024f2238ea577f5d559bc6d1ce70ec37615bddce4adebd4894dc4c6a3145c205,d2e2cd2bf5fbdfa97126fe91c87415e218bd1114e1417c1098496d552d61b2b9,pending,,,,,
お酒,おさけ,N5,sake; alcohol,84998,318715,夫はたまに御酒をたしなみます。,My husband enjoys his glass once in a while.,7ad68ddb1fb8a5350225542022bc80e4b6aff6c87b8ca6233ee3daffdbb5ba69,4e5a3a315d520df93a47a973d5f7975fc8a8e1dd054eb36aded6ba09cd57acb1,pending,,,,,
お金,おかね,N5,money,232498,69869,どうやってそのお金を手に入れたんですか。,How did you come by the money?,8767b1977a8d85e664282f38993e878b1b14171f1cf109dceffd539aab542d4e,7cf7552bcf540f696b854f2df1db66953eb8a0ca13766fc2bfa2ea5be7874fd5,pending,,,,,
お風呂,おふろ,N5,a bath,158918,255608,私はほとんど毎日お風呂に入ります。,I take a bath almost every day.,46b782e993f812332714a58d03e7bb324db7b97bec0492e054f496cb92f91c6a,85304d767dcae5e1312967de6a44a1a07689f474162c8170a26bc07d8a6adf6a,pending,,,,,
こんな,こんな,N5,"such, like this",217315,54623,こんな風に、彼は私を扱った。,This is the way he treated me.,ab8a5f42fb12c28453e4aec5becc01142cb9438fa95c0a4e059078d246fa2469,bb257cd4c3cb8972e250787804204794c414d2fbad76c135c0d19a9903b978f0,pending,,,,,
さあ,さあ,N5,"come now, well",216866,54173,さあ東京駅に着きました。,Here we were at Tokyo Station.,658d42132abcaa21df6b4220f67642309560dd1f330fc67fad8ad6de4523244b,aa9117d339a71b84f8f969af1a4dd62e7d8c10c5c1559b97808474300be9f2bb,pending,,,,,
では,では,N5,"then, well, so",202137,39349,では今晩またね、さようなら。,"See you tonight, then. Cheers!",24abf04c0d13fc851e8a71e72310b0da7f5bb01f94dd0c34b93325c5435066a0,091a4378b38d335f93a3a23b93d3fa45c644c737a0a203ddca94ab74f158b87d,pending,,,,,
では,では,N5,"then, well, so",12179686,12179688,選挙では、保守派と革新派がせめぎ合った。,"In the election, conservatives and progressives were fighting each other.",e0710059b14aaf945107f41a606cb2831e7d1dc8ceb2656a92fa68a30cb717fd,8f8cf30abb78ad6eb0df17599209f5eb85ed29903b3b89ed743228179f46c5b1,pending,,,,,
でも,でも,N5,"but, however",230624,67992,あの男がもう１つでも間違いを犯したらクビにする。,"If that man makes one more mistake, I'll fire him.",4bb45a8f1a47ef1213494a1afc04cd542551ce22051765181586c983fbd36d24,11ac5ef5e58e8494c8829ba7ba8d1ffb0a20cc1564a298cea456a31e92458dd5,pending,,,,,
でも,でも,N5,"but, however",232389,69758,あなたはまるで幽霊でも見たような顔つきをしている。,You look as if you had seen a ghost.,ce2d8f2e5e2f903bbf01793ad14de272da4d5ff4faacade742cc54b02c1c9b31,812d9fb1dac20baa6fa14a26934964ae0dea4ad3578a0768bf652bd48d1acfee,pending,,,,,
でも,でも,N5,"but, however",236545,73879,「そうしたわよ」彼女は文句を言った。「でも水なんかなかったわよ」,"""I did that,"" she complained, ""but there was no water in it!""",9195c7738f1751247a1634e141af63c919e3300284246ee1d8d0c6664c2be570,6e6dd1adc9eb3cfe2d5fb85044627a0fe643a2331da77cc94cb63f32b5b4bcf2,pending,,,,,
どうぞ,どうぞ,N5,"please, kindly, by all means",5076,1673,「塩を取って下さい」「はい、どうぞ」,"""Pass me the salt, please."" ""Here you are.""",395509a29afc283705e0f047bfbac0680aff22ad94eb17081312e286ae13ab40,3f83cb828ebd9de0740a1f9e28a6bc20ce7ade717a5c784fc18a489481ec22cf,pending,,,,,
どうぞ,どうぞ,N5,"please, kindly, by all means",149251,265307,写真をどうぞ見せて下さい。,Please show me your picture.,f7f11e934cc9e71ef4cf0e3cba8dcd3d86a408299124c5ee91a4d09aa2a48b3c,4545483f485644ffab05c68ca23234937ff5c1967c6c720ab8d9a238d794afaa,pending,,,,,
どうぞ,どうぞ,N5,"please, kindly, by all means",236217,73593,「電話を使わせてもらってもいいですか」「ええ、どうぞ」,"""Do you mind if I use your phone?"" ""No, please go ahead.""",ca739149682a5ee9075282587849afe0a99c51b007f9dd268161f4986887784d,a8427be7258bd63917ec4df32af1be726a4e5383c75ac8f00c6202e7ea2d8f7b,pending,,,,,
どうも,どうも,N5,Thank you; somehow; no matter how hard one may try,201199,38405,どうも、川口太郎です。,"Hi, I'm Taro Kawaguchi.",95df16baf96dec0981225e27f03273f48f566b508ae67591dbcbada3bdfdc539,db0950a882cb2cf02ed75f95f5631fd26c112f7e0501d5adbd3caa893b948203,pending,,,,,
どうも,どうも,N5,Thank you; somehow; no matter how hard one may try,226803,64151,お土産を頂いてご親切にどうも。,It is so nice of you to give me a present.,e9dabe23018539896f84902ee05cc4307ece69e29c8d0ba7f9fb1d95d2f0ee57,46a99e38495fdbe3be43debaece47ee0f149392541c7240c7075044d58537c4c,pending,,,,,
どうも,どうも,N5,Thank you; somehow; no matter how hard one may try,227068,64416,お手数かけてどうもすいません。,I'm sorry to bother you.,953febca789e3dfda4097d0435f19332dc61ce2c9c8df38cbfee95fb4989d159,bde73ae922b5345eebc54ce52fbcde5ae9739f7d501bbf84ba245d4ac70da8d2,pending,,,,,
どんな,どんな,N5,"what, what kind of",159217,255307,私はどんな戦争にも反対だ。,I'm opposed to any type of war.,7895f4fd2a2a6c95ae76c77a1c4f4c55173ce0226efc19048b323b9a37693255,5e081d88e8dbe08e9c6cf4a4c56c15b2cfa655c13bbf688224ed27cdf5053a61,pending,,,,,
どんな,どんな,N5,"what, what kind of",199407,1112558,どんな所がお好きですか。,What kind of places do you like?,3807139272dea8260fb78951650d82c4b9cb48c7e58d4cb720e4beaceab6aa48,47c0e00a64bcba3a90ff17a95d412977c12950e672b7b84cf61ab7977b44e2e4,pending,,,,,
どんな,どんな,N5,"what, what kind of",199430,25137,どんな事が起こっても私は心を変えません。,"Come what may, I won't change my mind.",7bb24998255d11a8da20849574e677252cc1285ffe90e1ccfd4cc2edd6ffc3fc,0a5ae49e05d74ad02d9191345523b32841978e6bd9cf29441318c70c7dd08b9e,pending,,,,,
なる,なる,N5,to become,75201,328518,いかにも敬虔なるクリスチャンが送る、礼節重き言葉です。,"So characteristic of what a pious Christian would say, this courteous phrase.",78683800ae596212638f6fb0ef6b57f1593714cacf53c3cb00f2277ebbecab24,1337401a9c0e1187ecbe6625b08585ff3266e026c14ce3adbdef64f7580920e8,pending,,,,,
なる,なる,N5,to become,202981,40216,ちまたではインターネットなるものがはやっています。,People are talking about this Internet phenomenon.,8fec2893d7deadfc754589a26dc4979c932c6d103590da278cdd6a01862f4072,b9107f0ac4c134482457cdd87f39ce76ce8b616a747f463e35fbda30d9ea3386,pending,,,,,
はい,はい,N5,yes,198338,35530,はいどうぞ、君が飛行機の中で読む雑誌です。,Here's a magazine for you to read in the plane.,1446f104ec81db5dcc3cda5eb19bea97d4b557a1564eb12cb36cd4921d278290,9528994cd8c39f07a353dccb6a0b297336be30ec66fbe4773f9fc1cfeea86d63,pending,,,,,
はい,はい,N5,yes,236422,73788,「もしもし、ブラウンさんですか」「はい、そうです」,"""Hello, is this Mrs. Brown?"" ""Yes, this is Mrs. Brown.""",1bb71824ff3fc089ce5a8297d21037e6be243665411eca70dfb9f78e1725c063,4255a1e6bb8b59557fc2f81103b696c776de5accb3afc41197737a1fb093fc26,pending,,,,,
もう,もう,N5,already; again; more,110604,293082,彼はもう帰宅しました。,He has already gone home.,39e25d9b3a78ec256c803c6d36cd4d890e104a8227460f92027d5ae481d15869,118e8db3434ab6922c9ee3c83b4eca76399d8e4554bd3188a81b8606b2051d5f,pending,,,,,
もう,もう,N5,already; again; more,177552,16403,君はもう子供ではない。,You are not a child any more.,5777e3a567f86e35263aeaea185c2c11230e98f61ca2ef1aff0f2a190b950238,5d3d01b81b18703cc0de99be8e900d830a65b77e7e7e30e07ce42b34ecbd2fd5,pending,,,,,
もう,もう,N5,already; again; more,194403,31576,もうそろそろ帰る時間だ。,It is about time we were leaving.,47b03d1107f6192a17d869e444e8d3e5ef6e43c6a695bb134b010559dc93c97a,63701491b87687486f02f965da92c199623aa0ec1f64b004f269560a8add73fb,pending,,,,,
もしもし,もしもし,N5,Hello? (used on the phone),193807,30975,もしもし、後藤さんのお宅ですか。,Hello. Is this the Gotos' residence?,097debfda2fdd2dbb62c34f697dbe3db5f6dca779db80a59a57be7781ff90911,d661e1c7e5e5ea802c09ec9d944c9eb2601f8c5c3db18e44c58a5b6c67ab542f,pending,,,,,
もしもし,もしもし,N5,Hello? (used on the phone),193810,30977,もしもし、何かお役に立ちましょうか。,"Excuse me, but do you need any help?",00cf94b94c2e71980cbb42d005c09b56be36028257bb34757f3219f1e10ae24e,802445894379f55241b6ed0f572df2dcccff5f949031a2f76a824904d2f92ce6,pending,,,,,
もっと,もっと,N5,more,232346,69717,あなたはもっと理性的であるべきだ。,You should be more reasonable.,6fbfa286335837e55332ac560f7c767618a7b3af2f5dd4fe7f8a20a130460567,11d4351adda0fbd280d27bdac7bdbb57cdfcaa784d5a105b1eeb0ec60de4b191,pending,,,,,
アパート,アパート,N5,apartment (abbr.),224007,61342,このアパートは６家族が暮らしている。,Six families live in this apartment house.,90b29cf092ddc0c142206a038e6d9afe0eaebfe1de65571fb025641628dd5aa4,9048643be704db7df9c6f8de9cebf0f3f41629a768fde4bdb206a22c6461c4c1,pending,,,,,
アパート,アパート,N5,apartment (abbr.),235397,72775,２部屋あるアパートを借りたいのですが。,I want to rent an apartment with two rooms.,f896aad4bd01316712024234caccb487f1c6004131fd17f4f63261bac7ef09ef,274eba72b3ec40c738d73a55b0c8b59211524728d553ea6209dea752d294a90e,pending,,,,,
エレベーター,エレベーター,N5,elevator,227887,65240,エレベーターの中でのタバコはご遠慮下さい。,You may not smoke in an elevator.,92d1958ad89a5818fdd974f54a1b9c49d0bfc7efd70cdcfb7b04faae8194fb4f,fade66ebe8352b1337598010077673ddb6458838215aa1c3bc7e6c14c99edf7e,pending,,,,,
カップ,カップ,N5,cup,226318,63658,カップの取っ手がこわれている。,The handle of the cup is broken.,602a348aae99f301e21505fe1a753d33ff6fd77fb1f21f20607938af895d8662,8463043ecb9e9b3537839a7f6a72d60e31f096e4622a79ed7760ce546850f5b5,pending,,,,,
カメラ,カメラ,N5,camera,227734,65087,おじさんがぼくにカメラをくれました。,My uncle gave me a camera.,b4ef3a7569bb0916c2d7a09807519c0ea93f6b34509d847dad73924aeb7af93d,0914e6fcd6d62aa0996842813d237517836aea7b85971a3f873d6fd3c10137db,pending,,,,,
カレンダー,カレンダー,N5,calendar,75519,328199,整えられた長机、いくつかのパイプ椅子、壁の掲示板にはカレンダーとプリント数枚が張られている。,"There were long desks lined up, several pipe chairs, and stuck on the bulletin board were a calendar and several printouts.",6d658b950e7a52156e6be45883b7cbc19f09e276e26b9d374eb23235f1760107,be0e9f696dfd49d0dee0b164baa30ab6430fffa068651321f4a67a5bfbac98d3,pending,,,,,
カレー,カレー,N5,curry (abbr. for curry and rice),226151,63491,カレーのルーは非常に滋養に富んでいる。,Curry sauce is very nourishing.,58e2d728a0d33e33017b971fca5d469edbb4302ab15c73bebd6d1ea6360d39e1,eca902eb7d9cbd75fee3afe4a70cff8fb83afbcfde7ad4215d011efd3c81e6e9,pending,,,,,
ギター,ギター,N5,guitar,154265,260278,私は彼にギターを弾いてもらいたい。,I want him to play the guitar.,c57efa021dbe1dd1bf715d074222ed528b4bcda98bf2d9866d222a10e6b93e52,2fce90263dd541e8bd79381c674fac44d43bd20f31f68063e2dba7d8a38b934b,pending,,,,,
クラス,クラス,N5,a class,232795,70165,あなたはうちのクラスで歓迎されています。,You are welcomed in our class.,3f1bac1fc2a64f2e04cdbfa1f2dcce657cd47b8452ada4e8dac1197a3b3a52db,8c0f691c971fb994f89d5df187ce42c3d5a49787b74ef79f71b7115a3f858f05,pending,,,,,
シャツ,シャツ,N5,shirt,233523,70893,あなたのシャツは洗う必要がある。,Your shirts need to be washed.,73187de4de273d58dd373adcbefcff130075acdbf3e1c67c1ebcadb5a67a8a6a,e3a4f5b5e50608638c3cf5d3ee70b0bb54a1a942ce44d53f2b1aff1637fa3f5c,pending,,,,,
シャワー,シャワー,N5,shower,86635,412845,彼女は毎朝シャワーを浴びます。,She takes a shower every morning.,709bdc111bd683ac7a0b4935684942a3c4ef17edf66fb384ae39000af2553948,59c7af355092221d12e199b6da4a862ef3e2f30452f38300ce638b967ea62434,pending,,,,,
スカート,スカート,N5,skirt,233525,70895,あなたのサロン風のスカートが好きです。,I like your sarong style skirt.,b1fea5e4cbb290d97972e3d481993e23d7fd7ef7cc1f6226fe19bf70ed66c2ae,cc7b2d338617006d457d54b45f8cf4ef2e1675d941c0057affd3b81d4883eedf,pending,,,,,
ストーブ,ストーブ,N5,heater (lit: stove),113365,290308,彼はストーブで体を暖めた。,He warmed himself at the stove.,1bbb66c48d363a7988084f0407c3db1effac3bfcf365e2921ebe35232fd39294,7c40d57d17263fbc01e1cbdb2ff53289f458017a5fe3e2648ff63fc266107e19,pending,,,,,
スプーン,スプーン,N5,spoon,220867,58189,この赤ん坊はまだスプーンが使えない。,The baby cannot use a spoon yet.,6138576f59dacc626e69144258a0333c7e844c964d20773c5f68ab1c8d9b7511,5ba7a2c229119421e5d11be3ff3a4f3b4e8281fe906b35d963a25d2e4571a559,pending,,,,,
スポーツ,スポーツ,N5,sport(s),200846,38049,ところであなたはどんなスポーツが好きですか。,"Well, what sports do you like?",51551e96aba87fe71d8bd19a8bec01b32a70cc7f1fb675ff3967da3d1dffdab4,7846e0a54544e199f3e6ea8fd0f84975e9f9fbb000d750139f54e157f1e57844,pending,,,,,
セーター,セーター,N5,sweater,223605,60941,このセーターは洗っても大丈夫です。,This sweater will stand washing.,d053d4522e0d3d8536bb82291b285522959c1f7a9d20bed3fe4ced442ffbc0de,e421ddda564a4eeaba4df44a0e3181c96f298cca14a6647d4f875bea6380e290,pending,,,,,
タクシー,タクシー,N5,taxi,212991,50276,そのタクシーはいきなり左に曲がった。,The taxi abruptly turned left.,0b51c2abaa2f39c84d04130ddafa41989a7bfd27bf18aba69174c23f1a42a58f,d480132df07b5f983d7916c5de8f9747160e3ed7ffa63e80f9f1315fa7f334a0,pending,,,,,
テスト,テスト,N5,test,145503,269060,新しいエンジンは必要なテストをすべて受けなければならない。,The new engine must undergo all the necessary tests.,207c2d2cba3efe8ab2e67f76a08eb0870c6773b2bd31367cdc695f0550cf2e3a,b283b32d2b5886dc57d8cd08186734765b6404e49310576f1adfbabc971f0a2d,pending,,,,,
テスト,テスト,N5,test,155612,258926,私は数学のテストの結果に満足しています。,I am satisfied with the result of my math test.,42ba79373056674c5a965519b0d98f041b496fbc8a0f1bb4452661acaf4fe7c8,32d4b560c5e46437d70589720b657e7940970e0e319fed2aaa5c75994d258c63,pending,,,,,
テレビ,テレビ,N5,"television, TV",232489,69859,あなたはどこでテレビを見ますか。,Where do you watch television?,9fb96438627cd500507076c6bd15d16e6747636748790b71381cfdc1e2a481f6,13ae342635c9df1c2a6cd6df129e82e6a040fe920bdf89192010a17a6e2090e8,pending,,,,,
テーブル,テーブル,N5,table,223523,60858,このテーブルを頼んだのではない。,I didn't ask for a table here.,5af150c9c4eef3c2c0edd71f9c3ecfe44f4dbc6a00a226381dae401c355ca0c6,0c5f9daa766692845bd2d70c857c7d8bb939911f762cf7e0cff960ea818c5420,pending,,,,,
テープ,テープ,N5,tape,177769,16621,君はそのコンサートをテープにとったか。,Did you tape that concert?,058850b06df1d80adfa2474302449e5c7a3c9935f64d79de1e1225fe494318d0,257b4a6403f5db7fa4ad49467233133d95db8653e69693493a9009238eebe7e3,pending,,,,,
テープレコーダー,テープレコーダー,N5,tape recorder,223518,60853,このテープレコーダーは新しくない。,This tape recorder is not new.,a5a0e09b040765da8185db51a5bfb1431678467b4a4940a0d734cccfe6355c6e,daa3714c588fd7f8f23b7248ec06aca9ba7c0870585b22ea2998aff413de30b6,pending,,,,,
デパート,デパート,N5,(abbr.) department store,155750,258787,あのデパートで新しいコートを買いたい。,I would like to buy a new coat at that department store.,ce0e18c5c485115c765f0c702d0b3abe5c31e5c51958d49e211c0d0178fc9c20,3bd2f1761a1650e29000daa1c81e3542411de593009be0ac5050710b95039cb1,pending,,,,,
トイレ,トイレ,N5,bathroom; toilet,201731,38943,トイレの水が止まりません。,The toilet won't stop running.,28c0e4a0054244f75ad81b48111681f524ee61167ba709c46bf2d54cba5a3aaf,3515c49359f3731b86d7ab5078d7d6cdd685d720e0e34344aaa0345dcd768825,pending,,,,,
ドア,ドア,N5,door (Western style),223480,60815,このドアは書斎に通じている。,This door leads to the study.,26190f8b6a63b6edfff94d575e52da07dd12cef28c49cc008aecc063b7eb2a2d,090777ac86ef2e5c682dda2b66bc0ca0621b347f1bef82435093c30a71f8a5eb,pending,,,,,
ナイフ,ナイフ,N5,knife,214129,51419,すみません、ナイフを落としてしまいました。,"I'm sorry, I dropped my knife.",85408af83f6a4f9e95213611215dae18ea9eccf58b5026ae48d7c80b09f1bd42,9da32205cdbe929fd38b9a6a5ee82e28706e92d091bcc7d85aba02bc0d89c015,pending,,,,,
ニュース,ニュース,N5,news,212843,50096,そのニュースに彼はびっくり仰天した。,The news took him by surprise.,4e194aa371308a1ff847f7a03831dd7eb39cd5dc46cb0607261b4bb3191f4212,7a2a6cd10f52e2ade4fa8c5d52ebb456151e243f28c003b46b0e1303a9d7bac9,pending,,,,,
ネクタイ,ネクタイ,N5,"tie, necktie",223403,60736,このネクタイはあなたのシャツによく似合ってますよ。,This tie goes with your shirt.,bdd6523c7dea0427f8f6d28e1f5f9a325df69d2eb767014004b44c4cf89943da,aca9582c080ac1ebfa474b98573b0977c23ccc098f8364e5d640ad9c5f55571e,pending,,,,,
ノート,ノート,N5,notebook,76907,326813,アップルの新型ノートは予定通りに発表されるだろうか。,Will Apple's new model notebook be announced on schedule?,166eabaac2a70bf13a2f091e47bdca390afe343c1d2f9e0513c3f6fc9e15b50b,b079e6c5be9ef4aae9e4740861a926b3be452f484e9c23039be889e738dc8689,pending,,,,,
ノート,ノート,N5,notebook,86681,317030,彼女は本の絵をノートに書き移した。,She transferred the picture in the book to her notebook.,827a3077812ec9419bc55933b80907fa423aef067d4aa3aa32ca410dca716002,f88c7a0d1aa78c91f3a18e9c7de7dab931ba44d368f349cace4cd9e081d3d42c,pending,,,,,
ノート,ノート,N5,notebook,216376,53679,ジェレミは彼の会計士の一次試験のためノートを熱心に勉強していたよ。,I left Jeremy poring over his notes for his first accountancy exam tomorrow.,0e20da36b2be28d635a1d41867116391d1ed8ebb7eb8ee1f2681600ebe491710,5ca4f8fe555dae75d744499b3e74d58848ab77362e11f55a43402347b43d9852,pending,,,,,
ハンカチ,ハンカチ,N5,handkerchief,223306,60638,このハンカチはいくらですか。,How much is this handkerchief?,a327a74cdbdeef864584dd1c441ee563016a891915343c3b14b09774a79926a1,a9c1c246d31a8f022036d0a1949b077acf713f93597e9c190db20a41980fc66f,pending,,,,,
バター,バター,N5,butter,91728,311984,彼女はバターを２ポンド買いました。,She bought two pounds of butter.,b8149bba79ffb596856b2bc169ebf27e9e6dbca24f8ea95f465d908846ac09b9,e46edb204d04d8e136d4b039f56ad55f19c721bb274c415e7984462884bce38b,pending,,,,,
パーティー,パーティー,N5,a party,198514,35707,パーティーでは誰がホストを勤めるのですか。,Who will host the party?,e0867f7a246badefd214cc4b4e5e19b0d5952542348435a3aa62c13eebb87c59,1caad7e5a46b6dcdae5fbcfb015eb95c31c92e8e761767dcab070e184c35a8bc,pending,,,,,
フィルム,フィルム,N5,film (roll of),223254,60586,このフィルムを現像してもらえますか。,Can I have this film developed?,8b294fd33ae61586124bcabdb0733f7b006e6b8360388681ce6dfb6c80d8461d,fbcc3f6b9c050c45bb306c5b3fe44d09912ec659f750cefe5e952b2185941e34,pending,,,,,
プール,プール,N5,swimming pool,159022,255503,私はプールで泳ぐのは好きではない。,I don't like to swim in the pool.,089b71c10c75ab6eda12ebd32820a0f849fd8646141c4c09f8214738bc0075f5,3e21ac9899cf2541693d580325524cceb2350e1e9c60c6577d20058fb42c65a5,pending,,,,,
ベッド,ベッド,N5,bed,199480,36682,どんなベッドでもないよりはよい。,Any bed is better than no bed.,6fe59390387e60c75ffcba897d4d69b4f851d45bed5e5303e3eedab8465d02b7,933574559bbf0713ce7932f96e82d3258a4cde231a5656ab14cd634ef7c3853d,pending,,,,,
ペン,ペン,N5,pen,196645,33824,ペンか鉛筆を持っていますか。,Do you have a pen or a pencil?,c4e01fc9f2dbdb5fbd5011213db892a71c6a8334a67e8939f799a7aa496d0a01,284bd5c3fe6ac2e4aae985ecfc4d88243e006d27c1a91ace2bb399a3aeaa19e7,pending,,,,,
ホテル,ホテル,N5,hotel,232725,60494,あなたはこのホテルのお客ですか。,Are you staying at this hotel?,48014876dd420475dca6eb5ef3c58ba0c8a19d2ec9cfffdfb638f0bdefb533b5,5dd0b622ddd6bfe188031b2a90bbc29f71b7dc3197a5766904b19ecf6f306123,pending,,,,,
ボールペン,ボールペン,N5,ball-point pen,196457,33636,ボールペンで申込書に記入しなさい。,Fill out the form in ballpoint.,a1c32e8cc1b878194c952c8c6fee120c03ab2171a1e0855cadca92322e97c4c2,e8b0444551ba0747298edd574f0da58b87bd6c457c7290731a410df2a9ab66a6,pending,,,,,
ポケット,ポケット,N5,pocket,232398,69768,ポケットに何を持っていますか。,What do you have in your pocket?,d4170d5f6432bd7643a6bbc1ec343af5db8c2219932de4eab5bd8bd743ff7732,81d7ccb7b23ca95700f111807d25600c68a907fe8df9e38d3a8bd326c44b0693,pending,,,,,
ポスト,ポスト,N5,"mailbox; post, position",228885,66242,いったんポストに入れたものは、郵便局の所轄になる。,"Once a thing is posted, it is in the care of the Post Office.",fd2ea7f1c0b18929cbd607272188bf1943eb3964fed345bb6e4fbd7c2227f209,0c2ae40e2f23e44ea2921a683203c63a960a52f15b71e9764f3a3bcb608da5b3,pending,,,,,
ラジオ,ラジオ,N5,radio,212803,50087,そのニュースはラジオで聞いたよ。,I heard the news on the radio.,8cd2ecc772570e5443579f27e52eb1839dc204c12f9968773bee61eedc6966a7,44f05b809c7e71d38624afd7460a703dbd11fa2e2f5273d7ba7239e0d6d0ab01,pending,,,,,
レコード,レコード,N5,record,234862,72241,ＣＤはすっかりレコードに取って代わった。,Compact discs have entirely taken the place of phonograph records.,83c5fd55cb38c6eb6ef06e6a2cb6a0b1ef3e7504fbf7cf85384931e1b06c3625,687486ea6a48d398a6f1ee7cdab506505144a40d6fbf3e4dcb691547a4d106dc,pending,,,,,
レストラン,レストラン,N5,restaurant,229381,66740,いいレストランをご存知でしょうか。,Do you know a good restaurant?,36963e32b6f0624cfb5ac027556cda6f381b9101631aef5f82927f7e4c65226c,d297131dbb164a9ea203c8d6fcc0b4e077b9e00af54e909bd3dbe90136dfabe2,pending,,,,,
一,いち,N5,one,75864,327854,津山一高い山は滝山だと思っていました。,I thought the highest mountain in Tsuyama was Takiyama.,e563103f30b37e28aaf39fa5463784c7ad26b0476eaf9bf40580481894d15306,e78861cfb622123c93693c3c6c129f6379cdc25009c40c6cb1d393ff287c78ee,pending,,,,,
一,いち,N5,one,78480,325236,卵を一ダースづつつめなさい。,Pack eggs in dozens.,50c864d7361ddcf9e2e195b204bb7eac86925030da2a1e8208d76d74dac3c570,d55a02bdc55a6fa9dc7747f1c7924b09b282af1b16dc35815576a2c7ec8669d8,pending,,,,,
一,いち,N5,one,218179,55490,これは東京一のインドレストランです。,This is the best Indian restaurant anywhere in Tokyo.,be97ad3f956ee3504b89e397ee724d136822ccc1a672682469329b0ac738c873,f02ab6463bf843a30997f300d2514175b70f6c17d82ec583d1bdf59c6c61cac8,pending,,,,,
一つ,ひとつ,N5,one thing,170359,244124,妻の死の知らせを聞いてもまゆ一つ動かさなかった。,He did not even raise an eyebrow at the news of his wife's death.,6b45b49fc5a792060d14274a2a59e5c424069bdb96dab26097e2138e512df4cb,4dc8d096d9be43a80f5a8576b7d5aac7c616b5724b88279f24f129232ecdf1df,pending,,,,,
一つ,ひとつ,N5,one thing,190709,27863,一つには、私は貧しいし、それにまた忙しくもある。,"For one thing, I am poor; for another, I am busy.",032e411135f95399d83d8e217c1fcb14b40eb70a11566e1233634a39538ea167,e3db2918463428fbab26a5b3ae2bf922d8229d5b6bf1af3ee65f37239b83810f,pending,,,,,
一つ,ひとつ,N5,one thing,235848,73228,１つが通り過ぎたかと思うと、すぐに次の台風が接近する。,No sooner has one typhoon passed than the next one approaches.,560ec8a0c8510d22e32dd319f147f0e925fb3fc6fa38d6fd4c5889fccf63620f,54ec248bcff7c5da2574239d7d337ee2afe44d4850fa15fe7acbc15762ca1a0c,pending,,,,,
一人,ひとり,N5,one person,111122,292563,彼はひとりになると即座にその手紙を開いた。,The moment that he was alone he opened the letter.,32a2326e25d418ce730e19bb7b0cab4ff961d575661b005344dd5d8048cf5321,761c86846edb4a5b0b15d120897455f1e370c55079c38e38dc1107ed65fe2fc6,pending,,,,,
一人,ひとり,N5,one person,158458,256071,私は一人の弟がいます。,I have one brother.,d948d259ffef4106e60a36224c355e2128c1575b1fe7de25d20bc02df31546aa,0a9ae5455692cf72135502146522043e9c3d58d5f2856994365ca78567e1f7d0,pending,,,,,
一人,ひとり,N5,one person,215928,53228,ジムは目覚めると、自分が部屋に１人なのに気がついた。,Jim awoke and found himself alone in the room.,44c3c1eee7c96c499d37cabe6d9442966b534ab45a881c0107c48e55e31e367c,e09da4c40dcb7f45f5d1db243844b153e1a2774fea6a0a802f04fc6abf642371,pending,,,,,
一日,いちにち,N5,one day (duration),162270,252244,私は、月・水・金と一日おきに仕事をします。,"I work every other day: Monday, Wednesday, and Friday.",f4d5ff604643417ed186923eac85138c6dfa237002131fcca52b76594f226af4,230d5ac7003e0e97fa7dd7b83577945f700cdcd16e427c9c2359f4a23812522c,pending,,,,,
一日,いちにち,N5,one day (duration),164314,250195,私のｅ—ｍａｉｌアドレスは４月１日より下記になります。,My e-mail address will be as follows effective April 1.,f41059b26a59a4c5ff622eb5b8aa1a9dd18a2b5671b8ae31e1695aaff1812754,9d6a237c98511c9067fca474b71738fc1adbf190c0082a65d24e642dab2db170,pending,,,,,
一日,ついたち,N5,one day; first day of the month,235003,426537,７月１日から仕事を始めます。,I will start working on July the first.,a0e39bcbfdc1e4856e2cbb4533cf92b6f5a98ffea86a7d9a928c0b4898dc7852,b09d77dd836137d98ead552a68503251353e66b8d6ecbee6ec33ee6ef1bd3382,pending,,,,,
一昨日,おととい,N5,the day before yesterday,75339,328380,「ウィキペディアを引用するな」という主張が昨日だか一昨日だかの朝日新聞に載っていた。,"The exhortation ""Don't quote Wikipedia"" was included in the Asahi newspaper of yesterday or the day before.",1c4fefeadbcf2d9a9f07313a041282e298e82157c7bc5460bdee26c641051882,3f5c58fd895fb8c2950fd96b96fc0dc1a3ae9484e5a322d64cfde37f34db7739,pending,,,,,
一番,いちばん,N5,"best (most), first, number one",223406,60739,このネクタイにしましょう、一番よさそうだから。,"I will take this tie, as it seems to be the best.",38681d14c679ebdbd9e95648a548ed1c1ef8e582391e3287fdde2cf4303b8ac8,7ca98ae93f19c4aed8efe17ed14edfd7bd6302bea8c58265dabdd3e5ca41c534,pending,,,,,
一緒,いっしょ,N5,together,217215,54523,「ご一緒してもいいですか」「もちろんです」,"""May I go with you?"" ""Of course.""",93927f6e605ea651ce2e872b5e06508da402a1809b943ac2946ee5eda5d0cd46,ca632b88ea9ab8bfacfafe1ecf8c48444054bddf56581b200a0dd9a1a6d77f63,pending,,,,,
丁度,ちょうど,N5,"just, right, exactly",151745,262810,私達はちょうど食事を終えた所です。,We've just finished breakfast.,b7b8cdc3339df1db9c217dd251d7a4f910c2e2762c14afd2c38886ec93aeb82b,eb7058b2a1264ae7154908f57847b29c832021d5b3bdd8f29bc54ae7bf243fec,pending,,,,,
七,しち,N5,seven,156991,242178,私は今朝7時に起きた。,I got up at seven this morning.,1760c4778cf575b4d1278000bfa74d787cc3d62708c3efc017fea0712723b1a5,d9e9059632d0511059a72f0804e97723020b773a107731cf2ec46cb6634893f1,pending,,,,,
七つ,ななつ,N5,seven things,185031,22163,海賊たちは７つの海を航海した。,The pirates sailed the seven seas.,0cb0bc050e4b708baa16f73966b4955a1e14946654b79c0795ee716097855675,be45e9d69211cc2b877f3efa52f8ac3964feab1b360094d225f053e92bd13952,pending,,,,,
七日,なのか,N5,seven days; seventh day (of the month),144269,270296,人間は食べ物がなくても４０日まで生きられるが、水がないと７日間しか生きられない。,"Human beings can live up to 40 days without food, but no more than 7 without water.",066b6c867bb3145d87ca41492b8a653f43a612526aa4bb54cff88be4ea0fee6a,675089a35721dc71520be43b54735417b09ca2921fbf24432ebced64c2a28b14,pending,,,,,
七日,なのか,N5,seven days; seventh day (of the month),235802,73182,１月７日付けのお手紙、ありがとうございました。,Thank you very much for your letter of January 7th.,73b2abafcabcb8c1e694e8af6525d737ff0009ee42068de9da1e168e1e4c7523,6388040def58317b19d41c33ed890fce126cc4db8eea82a3944333b2ed5000de,pending,,,,,
万,まん,N5,ten thousand,235238,72616,４０万ガロンの石油がパイプラインから溢れ出た。,"400,000 gallons of oil have spilled out of the pipeline.",d30ceae730ca95cc386d38804b71d54becaccd985ac25b08c54debf2feef8f14,fa36a63b6f78556397d09260555cbdd833b1df66ccd0418fe8223a6a76426eaf,pending,,,,,
万年筆,まんねんひつ,N5,fountain pen,155723,258814,新しい万年筆をなくしてしまった。,I have lost my new fountain pen.,e4e2e8a139232bcf66b954f9957b8e1e9351e3b11b8c0fc3b081aa3c1c9ef979,6ed70a603147fecbe2eebc0058201c1c3f76f506d6a3ca937ed82beeb8b961b9,pending,,,,,
丈夫,じょうぶ,N5,"strong, solid, durable",103983,299709,彼は丈夫だったそうです。,He is said to have been strong.,d9334771bbef040aee58515c20bd86f2903cd9108a8716ea0b6150e63b802438,02fb2d7c4fca66a68a81637366ca3d296e3b9f4eca1a7e79de8fbe1786b5dccd,pending,,,,,
三,さん,N5,three,104473,299218,彼は手荷物が三個あった。,He had three pieces of baggage.,d3adb93be59f5c2fff6c7cf2aa44b820502fabe384629b2f206b77479f368d4e,da4dea87c1c0a9487fb4dc2d62c2aa78f120b00c12478ae3a4c5cfa2c46a62a2,pending,,,,,
三つ,みっつ,N5,three things,196583,33763,ボーイさん、コーヒー３つください。,"Waiter, three coffees, please.",61af051c096fe6be6bfe6226e93499f164a032bbe5e55ea25a192c9f8392dee0,bd2d6a71c6e7574f733fd5253c590d8b2b55a782a8b1082204c19af6ab21f817,pending,,,,,
三日,みっか,N5,"three days, third day of the month",153409,261135,彼女には３日前に会ったよ。,I met her three days ago.,7691f81f499fcee21f5306b32905b8b34eeed1ccb0495fb86a4cd3b5d54ef15b,b79fe7e5a50a49e7fa73a7f8f10c4026610a5625b555472af9ddd9bb9d790b1a,pending,,,,,
三日,みっか,N5,"three days, third day of the month",236068,73449,１０月３日です。,It's the third of October.,a635b7038bc36915ab4be200ed4900a0332f9252cdbf3633bfb7c75be0971efa,665a3902e6f8a2b16a25dab37abb418246f048519eeff8b6d35763d2d074e3e0,pending,,,,,
上,うえ,N5,"above (up, top, etc.), over, on top of",81574,322141,本棚の上に手が届きますか。,Can you reach to the top of the bookshelf?,7faa175a27d4b30185f44d849d25f6a923d4998765b03ab1b8bb8f8eefde1c06,3a2431e0194413db0c1a93a786dbb5baecc256028e509a35de2f2882b4faa255,pending,,,,,
上,うえ,N5,"above (up, top, etc.), over, on top of",85643,318070,飛行機は山の上を飛んだ。,The plane flew over the mountain.,704f0fa3f6284fe69a70ac805d8fad4d63fdfa0873446edb464e7269d5f2e007,000c8a07289a7bfd6a6d208c611737567fd99ff15330b84e822f36ee52356cb2,pending,,,,,
上,うえ,N5,"above (up, top, etc.), over, on top of",2351690,20551,机の上に本があります。,There is a book on the desk.,e570ed06657d554bea063fd1702252f30e3625dfbe0a4b61318d7123a4b41d68,d4edcb53b10712383a09257dac1aba0a374c01ec3e45c981168e12f54a67b092,pending,,,,,
上げる,あげる,N5,"to raise, to lift",78077,325641,両手をあげろ！,Hands up!,724f5630f1b14e5c743d37dda87200ea38ebfba5c8a87219800cb3bb98b6a7b4,b7e24ef3bfe2d9637ded4ae1d48eea98bef9c02377b3871f1eaab8c3567e8ffa,pending,,,,,
上げる,あげる,N5,"to raise, to lift",119074,284589,彼に本をあげたの。,I gave him the book.,13622a75546e844e2ae22ff450efa5c63ef94136b178acd0a0614232759dbd1a,f6f108ad52619ed79157655891a3b11b836ba390291ee84ff2e3089e552718bb,pending,,,,,
上げる,あげる,N5,"to raise, to lift",137941,275296,待ってあげる。,I'll wait for you.,c51a8c3870bd1b19dae67d45fa6276ffdf5706462dd3654b6e620112d26cc981,e68931bd75db32dcf21d642ac42a0d6cc6306c5e556d921d876d46a521b9df5a,pending,,,,,
上手,じょうず,N5,"be good at, skillful",231837,69204,あなたは上手にバスケットボールができますか。,Do you play basketball well?,ef0f7efe4171cb2c16244678bb7aa43529dcd961a6f2c4bfee730fab712f23b3,ee8978ec8cb31e00e4d055e3047ca95572c4838f2c63d558c8e3ec0815e76052,pending,,,,,
上着,うわぎ,N5,"coat, jacket",127151,276937,男性の方は上着を着用してください。,Jackets are requested for men.,86e756ae0ca938a728cf2dfd375cd681974b1723afb478de0d026daf3c9245c6,082cf80786a17a058005fea10e05e2db7fa6d6d9d5e1658b74a1abd4bfb2adea,pending,,,,,
下,した,N5,"under, below, beneath",159526,254997,私はダンテをミルトンのしたに置く。,I put Milton after Dante.,80f86d66d35856fb40ff299956df73afd3b9c693da2c88a78c8bab8fcf62b689,98eb44eb49b2305136379adddbaba098dc8d7687ec973fa4ae2fe64aa3657866,pending,,,,,
下,した,N5,"under, below, beneath",188239,25379,下に署名してください。,"Sign at the bottom, please.",112972a673ca4109c5c98d56a9212522a40800e7b24668c4a3b1be1f7ecac741,3b55a2eac8ccad45f08a71ee732e3466e7ece277176e1f48dad53672c271b323,pending,,,,,
下,した,N5,"under, below, beneath",189677,26830,雨が私のレインコートの下までしみとおった。,The rain penetrated my raincoat.,82835d6749d93dfee2f581b03d903a008f80f647fcca0127db7ab290a459711e,0c58f655b1d67bdca97a39e4936612c35af466e22b98a3105405f962d709f235,pending,,,,,
下さい,ください,N5,(with te-form verb) please do for me,121917,282085,熱いココアを下さい。,I'd like to have some hot chocolate.,0e558a03bd347d427d89ecd70fbec89c82daff23319f35c26da9312ad7cf0b99,801c67b01f9651eab9679a1ab6489a09e095d44e70ed89449070f7af17619f41,pending,,,,,
下さい,ください,N5,(with te-form verb) please do for me,233124,70494,あなたの切手帳を見せてください。,Please show me your stamp album.,251b8309ffce84a73d5c25af9eb1c26af7555d694e1e1bf1a488aab0c0d80a45,f921f694e9f60dca7f06d37876a78b81ee9ea7ba879b512465a609bc0a5ab1b5,pending,,,,,
下手,へた,N5,"unskillful, poor",114691,288980,彼はイギリス生まれだが、英語がとても下手である。,"He comes from England, but is very poor at English.",7f7e8ce2ac3b2aa20be34aa62e3684284d376ac8f93d2eabc9a52b125c2210cb,1942e5dace6c511dc4a7c2b236bbc6d0874df011af7f3385dc58e4be29f59095,pending,,,,,
下手,へた,N5,"unskillful, poor",188226,25366,下手な動き方をしない様に気をつけなさい。,Take care not to make a foolish move.,66d99a0f1cbbcbb78e81e9e6fa9e7dda8c013cb0722f9d662dc364ae662f8988,1a4bd532aedf7755280bebe4daf46e177b91e56fccbaf2632639ca1f0cdc9c96,pending,,,,,
両親,りょうしん,N5,"parents (lit., both parents)",231428,68794,あなたを私の両親に紹介したい。,I want you to meet my parents.,d71c3fadddbe9b60aa71b1e7e641f735ca369436389250860ec1a5439f6b5097,3b8d650682184015a68c7fe322a5fc6b7566ff48693b9822a68cd062171e24a7,pending,,,,,
並ぶ,ならぶ,N5,"to line up, to stand in a line (v.i.)",77585,326133,列に並んで長い間待たされた後、身分証明として正式な出生証明書が必要だといわれた。,"After a long wait in line, she was told she should get a certified copy of her birth certificate as identification.",6ddff7b85476cd274952fb174cb02e38fea4328d0c8518921b5e097cb737b989,459ee2965ab448299d1d26321702e8ab63dbb7e4186d074f264b91b01ebd87d4,pending,,,,,
並ぶ,ならぶ,N5,"to line up, to stand in a line (v.i.)",107553,296133,彼は古今に並ぶ者のない偉大な政治家である。,He is the greatest statesman that ever lived.,7e0bc540efd1dddbd739eead915fe65bc6c6806f3bb9557cfb7287a7e09688dc,eb56dc99ace3012ce15e92d35737174d245b281a50780d1beb684150c59b4ec3,pending,,,,,
並べる,ならべる,N5,to put (things) side by side; to line up,77097,326622,屁理屈ばかり並べて、お前の言ってること全然筋が通ってないよ。,All you do is string together a bunch of farfetched ideas. I can't understand a word of it.,d252f2bce6c72708d9be63cca5fc40243f3c669d9370ac110fd0ed3acc0a5561,85671b4328563049c35477a27af1e1bcbbb4f8492f4dbd889d643d84d3cbda82,pending,,,,,
並べる,ならべる,N5,to put (things) side by side; to line up,194690,31863,メイドはテーブルにナイフとフォークを並べた。,The maid arranged the knives and forks on the table.,ad606c64bc961f526e35df1d38e112549cd0a5c1376d85a549cd8ad430c5ccc9,174d4fd70aeba74caa772d25d6fd9a4754ff5433c3fc5b584297fb12b505e13c,pending,,,,,
中,なか,N5,"inside, middle, among",105095,298594,彼は自分のお金を全部箱の中に入れた。,He put all his money in the box.,1dfec4838a256bf3f9c9a49b48b2313ea9951ddb5805a7b8564714a56ec64163,baed45e905afdbe4b2ea3c989b3b46e32960508e85fe23c27985fb79a4e35d7e,pending,,,,,
中,なか,N5,"inside, middle, among",144741,269823,身を切るような寒い中でわざわざ遊ばなくてもいいじゃない。,You don't have to play outside in the biting wind.,c6dd0cb512a1227ac93cf375588cfcdb56b1db83cdb7d419b65e77c0f87daa84,d064b79cba1d0cce49d166e9d8d87de9d56befccccea7b5f2d66b460bbdab24e,pending,,,,,
中,なか,N5,"inside, middle, among",217865,1449740,これらの商品の中から１つ選びなさい。,Choose one from among these products.,d9c824e00e6533c0f2f40671dd6822acfd623b6d207a472ff34e384338e67119,255e794ae80b2f15329ac88cfc5a7625a9a424de0837df451b3d1df034d032d8,pending,,,,,
乗る,のる,N5,"to get on, to ride in, to board",74024,329696,「騙された」と言ってしまえばそれまでですが、「うまい話」に乗った当人であることは間違いありません。,"If you say ""I was tricked,"" well that's certainly so but there's no mistaking that you were the one who signed up on a ""sweet deal"".",d4b5aa426432b275987c6d9ea54f94ce5f00a435a606dd570dff23ce5b176c10,51c4a2d3a1882b1803c876d88a702a715d9a250554572e3aa974be33f614bf04,pending,,,,,
乗る,のる,N5,"to get on, to ride in, to board",74092,329628,そんなに沢山パンに乗るんか？,You really put that much in the sandwich?,6a958cdfe8324c009ff5743ef1564269c26f5cd4bcbaf2f7981f0ea6aa3f5021,35f013a5f96996afe0f6c83b5b79e07b4f3667fdb0383db1349425f954312a94,pending,,,,,
乗る,のる,N5,"to get on, to ride in, to board",235972,73353,１１時の列車に乗るつもりです。,I'm catching the 11:00 train.,096a51b0835b55236bcdb3aa219f15fdb9d8fa8e66cdd91fe6e02072e7e93685,ed5e717e372757e2b9527c2e91c4f27904692a2883c379e905419d05d30245a7,pending,,,,,
九,く,N5,nine,108121,295564,彼は「九時だ」と言った。,"He said, ""It's nine o'clock.""",05f4cdab363e27b05c55b2d3c2242969ef4319de29da014718d45f0acfb87bc6,37ea6862c7fdad7b83af530161aa52fcf6e9e915aac714dedaba98c1117973d8,pending,,,,,
九つ,ここのつ,N5,nine things,138073,275162,太陽をまわる惑星は９つもあり、地球もその１つである。,"There are nine planets travelling around the sun, the earth being one of them.",ef24fee2d322548c9c501c780b034af3f13891757b91036f264a9043c62a363c,ef191a3e9327348a8f4f12f05082993935c14568f26c6a71582e7675ccff7ca9,pending,,,,,
九日,ここのか,N5,nine days; ninth day of the month,137653,275583,大会９日目、ベスト８が出揃った。,The top eight players survived the ninth day of the tournament.,8e9728926c95f1fe041901bcd04a30c3b214364848e8514904e2a35f1bed6bed,16192525426708c2a1988355911d34d5aba4de6fe0222fc7032c9d16cdf6e837,pending,,,,,
九日,ここのか,N5,nine days; ninth day of the month,214544,51836,スピーチコンテストは１１月９日に行われた。,The speech contest took place on the ninth of November.,895901f9df1e363c3a67b2965785bf1c7195eb4fbbccc2f4c68718ca8fa6976a,b050c876bb60bf2bff8ccb68cf39f479304c8f2245b30ff3ec9e20144457a70f,pending,,,,,
二,に,N5,two,211139,48413,その穴は直径二メートルです。,The hole is two meters across.,6954d15eaee21cf1c7a820d6d702eda63ed6a5a63824aea57fa06b21f0b2a998,c01617f210e6571f0e797316fd993d655d57820e838fc06a9f27417a57c9d194,pending,,,,,
二つ,ふたつ,N5,two things,235538,72916,２つの質問をしてもよいですか。,May I ask a couple of questions?,6ea6260ce41cc075ce19773968f870d17b94854e250be4b4b838b410ac728519,56179f332ce5bd35fc4563e079abb35d48c81291b39e31a4cb0801ef27e29950,pending,,,,,
二人,ふたり,N5,two people,123087,280913,二人の男は刑務所から釈放された。,The two men were released from jail.,dce2180f87bf5769460bd2bdc18f04c99ea7339f69b6b5339bc573b11feb86ab,6e2f5e81e6181b05c3f877f682fe76a787f37175b8f678ddcdeeee917e16df5c,pending,,,,,
二十日,はつか,N5,"twenty days, twentieth (day of the month)",154765,259774,私は二十日までに帰るつもりです。,I expect to be back by the 20th.,a1259a716c44258e7b137289dba912cbb93685ab33ae486fc895fb8526aa6e08,bad8c94f76fdcad5df1c59d068f6bef5fb26324fadcf5c844714f7db3948b634,pending,,,,,
二十歳,はたち,N5,20 years old,87650,310118,彼女は二十歳だと言ったが、それは嘘だった。,"She said she was twenty years old, which was not true.",580d6ca185b2dfe82a6e4fe89a620b2f07fcad7597c55b9594b62720a953a53a,791839bb6af647275d66d85c19e29328edc96f2f0a80a86c7580efab112eff70,pending,,,,,
二日,ふつか,N5,two days; second day of the month,205590,42835,それは１週間前、すなわち４月２日に行われた。,"It was due a week ago, namely on April second.",c68dcebc6f92d227ef73d5d565f94a64bc6235b9dfc04df9d753f483c5989238,b2d7e201d3f94d440d3d65b825487048f418e66440937a64644d237e7707dc88,pending,,,,,
二日,ふつか,N5,two days; second day of the month,235418,72797,２日で３つの州を走破した。,We covered three states in two days.,f46bb5a9f4931bf63a8fef1c2ee52c16feab2cd1bcdfd7b37729bf88368c899c,3aa3a8eec684f5e986d93683031120613086d83abac4417ec7a05b742f232495,pending,,,,,
五,ご,N5,five,201024,38229,どこかは今五時だろう。,It's five o'clock somewhere now.,28a0fc57073a9779873e16b622cb8c2b754e7bfe1a14ccf3bcf21cbe6616d3e2,ae9b762f9b96ea6da2be03f61090cf4b3b5fe8f4ae7e4dc604cad92c739af032,pending,,,,,
五つ,いつつ,N5,five things,220200,57519,この箱にはリンゴが五つ入っている。,This box contains five apples.,1000b36dfe3407c448f65d6d4564c10ebcf1692ca6d3c75ebbe0c1567de154ef,8adf477e2bcb02c4ea81194f52ab74285aedda3901bde3f3f7fbee9f9f8038ea,pending,,,,,
五日,いつか,N5,five days; fifth day of the month,235804,73183,１月５日から１月１５日までおねがいします。,"From the 5th to the 15th of January, please.",c114fc2dbcdac86236c1a2999081cf39a3bde8764715fb72052b5a62f625ea33,7802e96234bc5d53636e4b0e53cc851593860508448cc8a4dabade3ec713000e,pending,,,,,
交差点,こうさてん,N5,intersection,231036,68403,あの交差点で何が起こったのか。,What happened at that crossing?,7436bf4bf5a0b2caa702a593b23d55c6e27c689a7b5be5ccb9502a9905f04eff,92002837b8e76a49f748d34bb34c2ccc0df3cbbecdb70394c5aa224f2e932a9d,pending,,,,,
交番,こうばん,N5,police box,173841,1584073,向こうの交番で聞いてください。,Ask at the police station over there.,7ecfd66c3cfa2cd80603800738e082cc1071c58d665e7af001f84e2f1d2813f8,09a75bc72dd0e5d23b98d3586113e8f21c7901915b812db69d55e55604a5b37d,pending,,,,,
人,ひと,N5,"man, person",144530,270035,人は意識のある生き物だ。,Man is a conscious being.,bd27657feb6cc26ada7563c9a6e900a83626697ad25935a010a6ecd1986e629e,cf0aa18930dc6e917818d65054e6b37f4114cbe72f9207413c2b4c106a6d6f67,pending,,,,,
人,ひと,N5,"man, person",144697,269867,人がなんと言おうと僕は君の味方だ。,I'll stand by you no matter what others may say.,71ba1e8c37c677bb1e8af4b65696015b278abd62595c99a024b0764cdc7c7d99,a9148184451f19d9f3732d8736b29ba19e634f4123041f4d79699583f35f5fc7,pending,,,,,
人,ひと,N5,"man, person",221002,58324,この人は画家だ！,This fellow is an artist!,b2e82b92535b804d1d06efa04ed266061038a43480dbc360a8626ad779607f4b,6fd317622101524100aaf72bae6d8f7cc4809581988fbaed35141ab47389e106,pending,,,,,
今,いま,N5,now,172752,241722,今のアナウンスは何だったのですか。,What did the announcement just say?,e82c82a11a0defac67b9f30dd7a5fd6a1c83b7c329ccc070bbc454451e719d65,69d82d68b837121eb05d7f1e91d854d5051d27e88ecd12ace1dc8f9a7f9a598f,pending,,,,,
今年,ことし,N5,this year,171373,243102,今年の暑い夏には耐えられません。,I can't stand this hot summer.,7702ecd6b393da7b432496a18288e82a45ade006addb500313086a0a6daa6dcb,f3ca659ed8c45b4432578c69a82e557b1dffda1aae4018c42c5e6b5b1cfcee2b,pending,,,,,
今日,きょう,N5,"today, this day",209845,47108,その事故は去年の今日、起きたのだ。,The accident happened a year ago today.,84fb07bfcf9e0fed70a09385fc4479a98ccced7b35ef0780292a88620940fb4c,e5a33534e7f94e5a6605677d9a4b57e505bc142b201633176e97a20d94e84ff9,pending,,,,,
今日,きょう,N5,"today, this day",232046,427719,今日は何をしたいですか。,What would you like to do today?,b5e1073a10fd8e200953856e5c7b3d3032059cd3aa5bd1f9f6f924fd6b0a1954,ec734bd499df2bdc62fadfee9cf8183985484b9be541b9ab25aef42a769b8a65,pending,,,,,
今晩,こんばん,N5,"tonight, this evening",171230,243247,今晩は少し熱っぽいのです。,I feel a bit feverish tonight.,4b5847d0d4d7742ea2afdc8cae67824348f445f821f95a65de73d568033d5f07,4bd8c673f0dcf84e3f0e7101f0a461c966f8a75c51a5c8971e68a6b4404ac4e0,pending,,,,,
今月,こんげつ,N5,this month,172460,242015,今月の売り上げはよくない。,Sales have been off this month.,fd1966d34d88facb7f4bc42e478828b0326e923e31d082a920d49b1ba6c98c3d,2d27166cd2c2f2ad195384086abd739a8e113ad541f0252be03faf710f11bbca,pending,,,,,
今朝,けさ,N5,this morning,172291,242185,今朝はとても寒かった。,It was very cold this morning.,7c87251b208582f7f0e48d1424c1ada90fece43b06109b75d934e6f615dd1643,4d8b97b49866bdca2a600ac0a1f4e790e1d0717531f788ca07948e9ce7a778ad,pending,,,,,
今週,こんしゅう,N5,this week,172375,242101,今週はどちらにいらしゃいましたか。,Where have you been this week?,365fa02dd983be3a305d361930684d0d0b85cab3f3bc576f21909bd6fb425bc7,12c81818590a127b8087ff9ea913b29417b11d7f56c3821a490b7f8a50293b0a,pending,,,,,
仕事,しごと,N5,"work, job, occupation, employment",237276,73973,「あなたは仕事が気に入っていると思います」「いやそれどころか、嫌いです」,"""I think you like your job."" ""On the contrary, I hate it.""",1fc70d8fa4ad1e5651f904c4a0e3ebc8d55c843b09b7799835973f5aa3b3a9cc,9adfefe4aec6eeca49b83fc7f40c41be846c930f1f12bf81cb170016aea3cc53,pending,,,,,
休み,やすみ,N5,holiday; day off; absence,172173,242301,今度の休みはどこへ行くの？,Where are you going on your vacation?,312b7b30e6f0a2bec89219d033c5ccb185f276a2e353d418acb90ec6acdc44fc,758f66146a6f2d733f98819cf7a5944315436b8712b8c976aa9fa557435f4178,pending,,,,,
休み,やすみ,N5,holiday; day off; absence,236056,73436,１０時４０分から１１時まで休み時間です。,We have a break from 10:40 to 11:00.,6ad742ae049156038e0eee4fb0f2f08aeadb0643a3130bf0f30bd2dc8c54a8cd,1b32bddffe0f3d122dd166ff9b7aa1f965dcb3039c93c7e114f984088d217904,pending,,,,,
休む,やすむ,N5,"to rest, to have a break, to get time off",84662,319052,父はまだ休んでいる。,Father is still in bed.,dbb16ef324aa7a014d57a792445a60f13ea606d3e3bf72faf03f5f459e23404a,343b81241d0f4f6ffdc641104b53d3eaad588453d8b15592490eaeb5004390a8,pending,,,,,
休む,やすむ,N5,"to rest, to have a break, to get time off",110418,293269,彼はよく会合を休む。,He often absents himself from meetings.,0000b5670c9f491f6e9695564a708d9f5729c330f66f6e0c372d61f9c58eb109,9174ae69c5aedc11a224012cbcbf271b44802118a35a577b70ba6dcf441bacaf,pending,,,,,
休む,やすむ,N5,"to rest, to have a break, to get time off",113559,290114,彼はしばらくの間休んだ。,He rested for a while.,2a1b375af0b43dfc910cb2fb1766799cd3d21adbf471052c2a634215ddddf10d,d7867f5584236ff12d0c3d6ac0d3985f4288800ca092668bfdfb79ee8c38860a,pending,,,,,
会う,あう,N5,"to meet, to see",140993,273579,前に彼にあったのを覚えている。,I remember seeing him before.,a7da8752e4221f34bba2b383ca172c93e8b945aecadd83d27c7833293978f51c,9c757ff2f7710461a0c0bbe569390e23ba7e65e6ecab781ad90869970efcad03,pending,,,,,
会う,あう,N5,"to meet, to see",188876,26023,駅へ行く途中でにわか雨に遭った。,I was caught in a shower on my way to the station.,f40d919c36d077da31a0729c457aa39c3b14101fa1581916c3c272ad4d7be674,0f983b0253b39d6effe682b1650572465029a2d906e65bb5b355685cc6a3789a,pending,,,,,
会社,かいしゃ,N5,"company, corporation",84579,10330878,父は今朝普段より遅く会社に着いた。,My father got to his workplace later than usual this morning.,a222c37ad7f1b432943d2168991f9c6d51e57d3b2e1e8c5e49d92a9a354072e4,0050633cc2fa183453cf45fe067ac2e5e1ff76a8d7459734b24b9971570bcbc5,pending,,,,,
会社,かいしゃ,N5,"company, corporation",116443,287226,彼の努力は会社の成長に貢献した。,His effort contributed to my company's growth.,0ac515372f1f4cf7866a07d30e4b7017611c2fc9ecf44c86f0c3d6bb019dae69,acccf09c00a95622e8e36bc95a6feaf92d87013709e8594411f34f50fdebeebe,pending,,,,,
低い,ひくい,N5,"short, low",222523,59852,この机は私にはちょっと低い。,This desk is a little low for me.,566e5543b2f8e1496adb7826c946ab97def04effd52b6c0fb096a976048f2981,989421866ce928085e2de8f606274c23fb090f53a0488ede1a4d5726c3b24d1e,pending,,,,,
住む,すむ,N5,"to reside, to live in",232470,69840,あなたはどのくらいの間、神戸に住んでいますか。,How long have you lived in Kobe?,2bfb8d2ed7cc71bb02e2616bc9f8f7086e580051fb32d662215daecc4315ab44,447e82ca3f4a156ad92eab31b69d9762a4d9ef44bdec68992679e650181e1fc6,pending,,,,,
体,からだ,N5,body; health,226205,63546,カメレオンは周りの色に合わせて体色を変えることができる。,The chameleon can take on the colors of its background.,2613f91054861ccc3337776d7473d58c7c15d85ec3d115492eda69a6c3600906,57f62b58b08b6b29dc61abe12462843d5055e32120f85e3737659e5304c24d6b,pending,,,,,
体,からだ,N5,body; health,231329,68696,あのころ、もっと一生懸命体を鍛えていたら、彼は今頃はもっと健康であろうに。,"If he had trained himself harder at that time, he would be healthier now.",c9a347a8a4d2e62cedec77931a11a5a3e92c4d20fd6ff6cce476090444145697,75fab5e6ac107f9f22af57a1a0e2e2b5f4c04b9d3005c2a3bb6eb098c03ab66e,pending,,,,,
余り,あまり,N5,not very; surplus,4956,73242,１か月あまり名古屋に居たことがある。,I lived for more than a month in Nagoya.,e622640779ee5b437cc79265897af6be84c0c70df4cfbad10f031cccece7417f,fbba98f6019ba0339ddddd71f3c50881375abface7ac786792f34ffb48fd2b08,pending,,,,,
余り,あまり,N5,not very; surplus,205558,42803,それはあまり価値がない。,It's not worth much.,65e7361f67b0b2cc8ab35f88bca40f1b28fcae90543146bffbbdb6fd36195c74,9d56c9395233faca34dab7e2e3eba6203ce90f896449dffae5e50216639b91ea,pending,,,,,
余り,あまり,N5,not very; surplus,221356,58680,この手の本はあまり読まない。,I don't read this kind of book much.,b637d26a5dcdcfb8916c49766b098951ae6d30a69a4e656168bfaec662a96120,b143b1e21eb361a5566d80787e61ac3f00dde2f95c51f8529ac78303be2e2d59,pending,,,,,
作る,つくる,N5,"to make, to create",77679,326039,例外は作るべきではないと思います。,I insist that exceptions not be made.,6381f6de4e142cb55226110e16d47188508fa760fe5e2938dc3f535fe47025f3,6f4e541545f8287cb5d7d07fa07af1b438acae2a6e5c3a41e76f635178260611,pending,,,,,
作る,つくる,N5,"to make, to create",200881,38085,どこへ行っても、彼は必ず友達を作る。,"Wherever he may go, he is sure to make friends.",1684661193c4a42d9f10186810d6f2038fe5db33eab90539ea877ed2ddd3bbd4,20c7123aa9227f26caca536ac886decfda0cf199e0c5e34ab06ae303de77d5fa,pending,,,,,
作る,つくる,N5,"to make, to create",203324,40561,たまごを割らずにオムレツは作れない。,You can't make an omelet without breaking eggs.,783da2f9ec59710055f8fb7d62d701a4874876d0c00829c04d7a57f5c0fb5b59,9a13ae572d27a3ea5b3a0dc2bd3422ffa093b862bc082a34939256a9ef59d884,pending,,,,,
作文,さくぶん,N5,essay; composition,236141,73517,「友情」という題で作文を書きなさい。,"Write an essay on ""Friendship"".",1d8b3f9b0d2305b615cd614fe4b69527e5a9b9172cbd6d5687de563d2d879807,d8f677fd85289ef1f28cb8d7e183b1abcde77b9dba4cc60c7447b026ec7c781b,pending,,,,,
使う,つかう,N5,to use,74153,329567,アジア諸国などから出稼ぎにきた外国人をメイドとして使うのが常識のようになっている。,It has become common practise to employ foreigners working abroad from Asian countries as maids.,e9a46bfff1cdfb5bf292b56f1a795c50a3faae7f7fdf6f0c20af44ea6ab93299,45e8dc4608250fb851652a326730cc1cc8a6fda31bec6850f07c90b9ac750b70,pending,,,,,
使う,つかう,N5,to use,226793,64142,お湯を全部使わないで。,Don't use all the hot water.,a0723b545ca48ba57ccfd0a3bf14feb5f0192bb73a4c94c25e1458cf5bb5d12e,8f21faab37d3ec03b755ea1fc11d6babde10ec8b2a1ab238ac7b4496fc98fbc8,pending,,,,,
使う,つかう,N5,to use,237285,73984,「あなたの辞書を使ってもいいですか」「はい、どうぞ」,"""Can I use your dictionary?"" ""Yes, here you are.""",250867a9f87eba0dc93932e379a8c09e15cd915a405b3e6848432a405f63b906,3c89c46aaba56250bb553d5f44e370d333fec2744230b88bb1ac879475d5d187,pending,,,,,
便利,べんり,N5,"convenient, handy",124682,279312,電話は便利なものである。,The telephone is a convenience.,25488e4c7cedc94923a293cb2a378fc6f55fefb5b07e5225e5e976dce0aea560,fcb24fc4880f73a9c6cbc6272de83bb752c57b7afdbbfdd1b7cac8863115f453,pending,,,,,
借りる,かりる,N5,"to borrow, to owe",219525,56836,この本をお借りしてもよろしいですか。,May I borrow this book?,364bd595f8308f4a814b9f5578a3112543f8739d94efca19fcb1c52b5144adcb,cd95dfc86297e58b571a42cb97e598792b0b952e47ce9bbb228937350de2328e,pending,,,,,
借りる,かりる,N5,"to borrow, to owe",235397,72775,２部屋あるアパートを借りたいのですが。,I want to rent an apartment with two rooms.,f896aad4bd01316712024234caccb487f1c6004131fd17f4f63261bac7ef09ef,274eba72b3ec40c738d73a55b0c8b59211524728d553ea6209dea752d294a90e,pending,,,,,
傘,かさ,N5,"umbrella, parasol",203724,40963,タクシーに傘を忘れてしまった。,I left my umbrella in the cab.,804c3cc82e18158846db7074beca4486190e1a1addd121557714d2f5623d2d3a,510e3a7feb2094521eff6b7a259d8426896e3e8a08b5fec97b01274320ad1206,pending,,,,,
働く,はたらく,N5,to work,115070,288601,彼は５時間以上もぶっ続けで働いた。,He worked more than five hours on end.,8fc3009d04248a5e0d7e1e044314db7fbef077738d15dfbb16f42842f16026ce,d1b8c42fb128b00735fc4620f95a27096fbc0cf9290c29e3e83109de5a4c5b57,pending,,,,,
働く,はたらく,N5,to work,215137,52434,スイッチは時間通りに働かなかった。,The switch didn't work on time.,995dd3e493395905dfa5e50b5e7afdee4d7c7ac47fab7d9c96f6233b146dde5b,9f24cc0fa7bd56a5df3e0efe55043aa7184bdfd4d77ba7086d97cbbd4191206d,pending,,,,,
元気,げんき,N5,"health(y), energetic",217292,54600,こんにちは、ロジャー。とっても元気よ。,"Hi, Roger. I'm pretty good!",c65324dea85d4f7b4d2e70dedbd5f6e8087997e536283e03d56ec6d8606a61c0,13e24ef65446b33b3f842332cff2b9bf395d18ea67bd18ed2389c6cb01511d41,pending,,,,,
兄,あに,N5,(my) older brother (humble),163804,250707,私の兄は技師になった。,My brother became an engineer.,33c50b8ba2d62bc91397af43f6ebf2f7ba3cef316c4198a64f5c271e5b360f55,c2c64a1bb596d5b4bb4b95029ddfd9626f861391cb6e8bc99dac1cae7fda2d8e,pending,,,,,
兄弟,きょうだい,N5,"siblings (humble), brothers and sisters",192659,29823,ライト兄弟はエンジンで動く飛行機を飛ばすことに成功した。,The Wright brothers succeeded in flying an airplane driven by an engine.,ae751b6e31e149b32aa90c84b16cd926dc1910627669ab8bc1247592f508b8d0,65b3a4e37560069d06a05cbf619b82a936ab7176f6fdb48bfde503ff2406a18a,pending,,,,,
兄弟,きょうだい,N5,"siblings (humble), brothers and sisters",232196,69564,あなたは何人兄弟がいますか。,How many siblings do you have?,22566092dbbd4be568b5434d22aa21be2d9b0e0a1208b81d13a2b7bcf7dfff08,66e85c09756aeda4a1cedde8e7785d2cfa89e06f2e5b50e017df16f5e262c86d,pending,,,,,
先,さき,N5,"future; recent, previous",141906,272664,先の事など誰にも予想できない。,You never can tell what'll happen in the future.,61c64c0b982c5fdfafaa00543216f7f0ddd254ecd623ba6271e51ff67eebf0dd,08fbaea870ac3e1219fd9f5abdb6f7cbfc2d5dff8087d4ded0709393c54d17f5,pending,,,,,
先,さき,N5,"future; recent, previous",188626,25771,鉛筆の先が丸くなった。,The point of the pencil has become dull.,c32d64674d3cd67ac9acc601ca818733966ffb7dc6997b626c7bda603c865db2,8b48a12ed0b7a3fc883b0655403e41b9e742e688e93535789faec755bb592107,pending,,,,,
先,さき,N5,"future; recent, previous",205916,43163,それから先の話を聞きたい。,I'd like to know the rest of the story.,16bca4b4c3b4227bc85409a86b0d75f48d4d65b1435ab87d64f6d6ad3aade9b2,3564f1586f5f1722fd4f479d13baa045c42488d1d05a30b0c302e885905577e4,pending,,,,,
先月,せんげつ,N5,last month,141880,272690,先月は、ほとんど雨が降らなかった。,We had little rain last month.,4b11ed303cabc5a69bd0678b9d156c9261bf91317954209aa05ce1c9e826e0f5,f1c1ff01f01bde386ba25992633ea1da9e2b28d89688097b744fabefd4610eba,pending,,,,,
先生,せんせい,N5,"teacher, professor; master; doctor",191715,28878,われわれの先生は真の意味で紳士です。,Our teacher is a gentleman in the true sense of the word.,f58b0b7385aab925561305d92537d9ff78122c000eb7c9c06730cd5896ba6043,cc5648b1e3edf1e3636277c88aaacc1d155f1c9813fd45cd2bdc36629e439251,pending,,,,,
先生,せんせい,N5,"teacher, professor; master; doctor",196345,33523,ぼくはジョーンズ先生に作文を直してもらった。,I had my composition corrected by Mr Jones.,77e7e4e78952e8cc126104106a0a1ea8f544296ddc1e3c6d8d32d63775f209b4,13cea7805adbf571b9700a360c38ff0e00d50ff38ce227ccd39be745297dcd57,pending,,,,,
先週,せんしゅう,N5,last week,219585,56906,この本は先週一番売れた。,This was the best-selling book last week.,03a81b96342407eb79cf46daf3a37f3812674d595b6c5e2eb3af0e0cdef6ab48,42321f998e894711e98d40a65421c4d53777e026d38cc308cee489707726e9cc,pending,,,,,
入る,はいる,N5,"to enter, to contain, to hold",79972,323745,目に砂が入りました。,I got some sand in my eye.,9126d4b2268b9759efe18b0bb6068d5b5357e1c88b55e20871c3b9e81f77fe0b,449383f6a810ddfbc627cf9fec4b51020508769bff35ae0ffde196639131202e,pending,,,,,
入る,はいる,N5,"to enter, to contain, to hold",121517,26682,梅雨に入った。,The rainy season has set in.,f8c2cca9edf6a986a864e0fbf64aa10bb9b39b8596924cd0c91f04296a993db6,9940ddf2b6086ab2854c6ed9e2c80478f0b36c99f179376fbf9a68028545eda5,pending,,,,,
入る,はいる,N5,"to enter, to contain, to hold",174176,240294,交渉は新局面に入った。,The negotiation has entered upon a new phase.,fe27e85ceb50b57decd2677eb10f29feab15b7e19d51f221f26a739377af8fc8,378a45c77a8e6344802972638583cb1125ac78a3f18968ed2c8d463d15ef9bd2,pending,,,,,
入れる,いれる,N5,to put in,205330,42572,それは引き出しに入れておきました。,I put it in the drawer.,e9aea7b8befd21b13e68e7f0584209f2d8df7ce8c7f0c8d1a96fdb2af642d720,3a2805aa6fb429d5991b25dc51da36a01de69d85c8e0dcc05834235d067f9320,pending,,,,,
入れる,いれる,N5,to put in,215133,52430,ずいぶん暑いですね。クーラーをいれましょうか。,It's very warm. Shall I turn on the air conditioner?,8de917e37d78219db0e5226fa3da9acae173d9d0268dafae26c2609ce35b66ea,9e5080cafd398bd10b76af43ec2f583ef7e28f79015ba3f439bba560db2c252f,pending,,,,,
入れる,いれる,N5,to put in,237462,325478,留学生も入れるのかしら。,Can foreign students be in the club?,90e37ae3835d9b9447d505979044a87fbe79746d3f1aee740eecc9e546c8470b,4477e666f79f8578c16796871b8b5b4b661af174ee27669791405619e9340403,pending,,,,,
全部,ぜんぶ,N5,"all, entire, whole",226243,63583,かばん全部に荷札をつけなさい。,Attach labels to all the bags.,3eb270c07272c7e983fc3b043868050a9308e78ac2a76aa3fe21c6e8234c716a,06b898ee2d0357f7b0a05b121d305b056dd753645318be55dbd2fe517dbc1079,pending,,,,,
八,はち,N5,eight,185431,22442,会は八時に解散した。,The meeting broke up at eight.,49f4eb92812cbf5bc99ddff69016586a0d80943daa0ceea611948ea48de026e0,224e476da04d5e38de2dca46f1841909501e1286f9e110371d902d6ee9581c21,pending,,,,,
八つ,やっつ,N5,eight things,519714,519715,そこに八つの小石があった。,There were eight pebbles there.,5e03fee3344450c111e6b73682e21382b77adaa1ebc4ebe13a60d1e22972cd6f,9a6ee7d32e921c49c185e1e56c875e5eefb9d8166a7aef51536a558b1f55fa5c,pending,,,,,
八日,ようか,N5,eight days; eighth day of the month,184424,21553,学校は４月８日から始まります。,School begins on April 8.,5a86384be1ae50e8016c27e2dd18d35c908856174f3dbfd8f94c7f7251bad9fe,04ae8deb13ba8e272604d86e3efe8536081a494ce3f954979f24467017cb8fcb,pending,,,,,
八百屋,やおや,N5,greengrocer,207193,44444,その八百屋は客にとても親切だ。,The greengrocer is very kind to his customers.,5849fcfef176eef12fe05652fd09f2b6fb82a0ecdb8d48934376082e50a79505,1afba0063ad3a39d399c513ab5baf50d90a409a5a057c00589d418fb523ab950,pending,,,,,
公園,こうえん,N5,a park,222003,59327,この公園はすべての人に公開されている。,The park is open to everybody.,82f102c8e7af20fa8e8091c0d5bd8cc567725bb40101d8de76995a232089b109,4f00ba9296fcc1e8c6367bfb8d23dda8c80cd451fd869d59a7b36232fa4a8851,pending,,,,,
六,ろく,N5,six,152733,261797,私は毎朝六時に起きます。,I get up at six every morning.,9e5174f786c5d930129efc3904f42489be416b1cf8a589abc21bb82d8d1eba01,63f22400d7f4bae2fc6be6a9354ff0e4ef810aebfbf784e668f7693638b491ae,pending,,,,,
六つ,むっつ,N5,six things,235080,72458,６つの先端技術の会社がその県に支社を設立した。,Six high-tech companies set up branch offices in that prefecture.,3dd628ffed94918f3599cc360da37c51bcc12fed709038b4a78663f4e1aecc9a,1c837817c8d771caea5b9c90a08f6695a10a2609de8c0a34028e6f3a5db23697,pending,,,,,
六日,むいか,N5,six days; sixth day of month,142651,271919,聖書によれば、神は６日で世界を創られた。,"According to the Bible, God made the world in six days.",ebe222322024b2a29f54593a70b41b28e1eaea921d42c09677bd4f5512db484c,65add5dd4c0adcd4c29beb17a5426a312d6f1cd10f8ed3c26c5cd6505857c749,pending,,,,,
六日,むいか,N5,six days; sixth day of month,235224,72602,４月５日か６日に会っていただけませんか。,Would it be possible to set up a meeting with us on April 5 or 6?,ee82eff89f73a64b635c6de5b6580d5a238a44db6c097121bac63a800c90f21d,743466be7cc5c1a2761ea7e0a1cb3ead1cc957b7c8d5e2021805c063b402f79b,pending,,,,,
写真,しゃしん,N5,a picture; a photograph,233720,71094,あなたに何枚かの写真を見せましょう。,I will show you some pictures.,277bacd9c80360f18fdbb4863ed5e823ebb8ad14d28c74210f9c0db4c1ab4093,3d02e415a606e2a1f9585247a5a6512906dfdb7a4d9c1d493fb633e81e3ed505,pending,,,,,
冬,ふゆ,N5,winter,195261,32435,まもなく冬だ。,It will be winter before long.,93ea20dc01ad8a68448051c2ac6b18a54050d19a38e55c8d26c0aec5d958f6dc,fae8b8db5a8c95b7a1e6da133af2ecdefd66bfabfacc29e7cd2642ce0aea756e,pending,,,,,
冷たい,つめたい,N5,"cold (things, people)",194174,31343,もう手が冷たくって。,My hand's getting too cold.,c7bcca3debc81833be345a89eab7de88e2d4abe0fd3ec40c42f9be77587758f0,83b3f1a83b04e0f141c0a18cac6eca6716e4848ae372029af68ddd9c05f03fad,pending,,,,,
冷たい,つめたい,N5,"cold (things, people)",225404,62741,ケイトが彼にあっちに行ってと冷たく言ったので、彼の心は傷つきました。,Kate broke his heart by rudely demanding he go away.,56574123aa019b4d82fb251f2c4f89a171a86ba6dba633432bfd461774011f70,28406b20cd9353f5079c8d47f6f5989cd08d4ff3cb2aabc7fb9c5fd5d8490e34,pending,,,,,
冷蔵庫,れいぞうこ,N5,refrigerator,228151,65505,うちの冷蔵庫は故障している。,Our refrigerator is out of order.,b8645a804c03c318b2832e020053320ada8ed808384c798605faf5089b6905ad,009f07dcedc177e4077d89a826f2ba55b1f38f0dc09f45ccbc1a1ee83c29973c,pending,,,,,
出かける,でかける,N5,to go out; to depart,235991,73372,１０分前に出かけました。,She left home ten minutes ago.,1e95c376107cf7342c880db1a7289f1f44cb2a9f9c51cd792ef8013a4dc2b6df,525778c8ba94d9230802b83c175c0c4bf045e78160e55daab3d74170435d3595,pending,,,,,
出す,だす,N5,to take (something) out; to hand in (something),143089,271479,政府は次のような声明を出した。,The government issued the following statement.,85486d9d2d294d5747e12a287c40a580fe6850dea8b2d725ccd09ff377455e8e,e21879558dd22b45c6ec6bb5ce3fbd395f8e83c23a08a0a82ad864bd337cde66,pending,,,,,
出す,だす,N5,to take (something) out; to hand in (something),222164,59489,この件では名前を出したくない。,I want to remain anonymous in this.,5e70ddaa9ba1b82d722df1341782f8cd76e4bd828fb36c6109aeca80bef5b752,174b07eea82b06faad075aac12a9d316ab72327e06d1df5b6d4241b2fba585dc,pending,,,,,
出す,だす,N5,to take (something) out; to hand in (something),228997,66355,いつから痛みだしましたか。,How long have you had this pain?,847c2b4189b92ad56eb95912ca0a8e8c9c20c89bf78f0161f12ecca6e5329ebf,bf888404a1e793d70f88a4dc5bc6d9caafd3d1f7969dd517ef49e4a9e87805fa,pending,,,,,
出る,でる,N5,"to appear, to leave",164025,250485,私の家におばけが出たのは本当だ。,It's true that a ghost appeared at my house.,6093831cd913450a96d463f0cbdc4f9fbbfcc34ee619ff3b3f11f64eb5d4f012,f3346a634cec4a3f78c3fa8a9ca6acf9e8fc27e6971802244a9dd22d49870c35,pending,,,,,
出る,でる,N5,"to appear, to leave",230220,67586,アメリカの学生の中には苦労して働きながら大学を出る者が多い。,Many American students work their way through university.,5ccfb77b9c92f27c217a00ccd99590bfd00045f181e245099662d13d764be591,428fe0d69fc63649502b99644deb2d4117bb84fbd37d70577cde63b56e38d627,pending,,,,,
出る,でる,N5,"to appear, to leave",449040,449041,電話には出なかったからメールしておきました。,"He didn't answer the phone, so I left him an email.",0ce5f1195eaca2b14c89a49e7cb1f6359ddedf797ef34dfc97de60b3fe02b0f7,5b76150146dd349f78ab2345823b451dc9f483b8d706ae2f1e4979ae9b9bc532,pending,,,,,
出口,でぐち,N5,an exit,234867,72244,B2出口から地上に出てください。,Go up to ground level at exit B2.,e9300b33cae86c6fb309d2914746ff3353e1cacbac2379e536b8177933c6419d,3bdf860f0ffa6dead7fc0ae75d006065d4a6a6960209dd5f87b2debdd11962a4,pending,,,,,
分かる,わかる,N5,to understand,119408,3109250,彼が有名な人物だというのがわかります。,I understand that he's something of a famous personality.,b8935049d3cf627ea5bdbb55b355b3562f5b7e3212758a6e0943fb27df7cfe99,037b00d747de6f98662b9038fbc38495948aca4dd9b112666202c97123fed440,pending,,,,,
分かる,わかる,N5,to understand,236205,73581,「博、君の気持ちは分かるよ」とマイクが言います。,"""I understand how you feel, Hiroshi,"" says Mike.",1427d516db8861a5f73c79e5a45ce2d1b2f0a5a574e5f17d49f8cecbf028c4fa,7789fd04f4ccbf47bf6d5e947ca3ec969d8b35389d827314991762101ee90b85,pending,,,,,
切る,きる,N5,to cut; to hang up (a phone),199708,36910,トランプをよく切ってください。,Please shuffle the cards carefully.,5351c40e98311a1bb2fc73029c6a3f6de1be8d7d7e1785c6d4db6f428646ec90,1f946c3d746fd3ceecb83fa942c4dd07e4d78a6dbcb287cb53e0fa5ba65fc9d4,pending,,,,,
切る,きる,N5,to cut; to hang up (a phone),228042,65395,エアコンを切ってもかまいませんか。,Do you mind if I turn off the AC?,e124b3a6a8758de91c48bef4b9c1ca6d947cb01296e605b9633462ef40703110,8d66322580cf6f20bc79154ca943051b1767af1b8209941b2d176760d62793b7,pending,,,,,
切る,きる,N5,to cut; to hang up (a phone),235603,72984,２．大根は拍子木に切る。,2. Cut the daikon into long sticks.,ee9665a08276a3b882d0d13556c5da44a9b845c008d8195ce67d2c9afff3d3f9,336796277599ec0e5d3851a392c61e53b8b2a084a81ec38d97f793cd4e4be495,pending,,,,,
切手,きって,N5,postal (postage) stamps,163365,251147,趣味は切手を集めることです。,My hobby is collecting stamps.,be37ec60cffffd9dbf40c831ab314ec8e37923f75f76a0b81d2840488793ed85,1278ffc1992751719994ceeba420c63fafc9928249840f133707aae8c94e016d,pending,,,,,
切符,きっぷ,N5,a ticket,220860,58182,この切符で二人入れるよ。,The ticket admits two persons.,d3dff7129c6b6c40f1118b88737df15b31c297eb264fd752063a3f72e267113c,f75bbf9c7f994bd367b7919510cb882164334077d02c5d58425dfdf01e38a5b6,pending,,,,,
初めて,はじめて,N5,for the first time,216322,53626,しかし、抗議を通して初めて自由で開かれた社会が維持されるのである。,Only through protest can a free and open society be maintained.,deded21f68327b4e9c809d5ed5414be3afd4254ddc89fb04d166f487ace3f5f0,6d6f153fd8375429816a06eb04d2dfc1d3fc10610fb6ee40c0b159f33e2d7821,pending,,,,,
初めて,はじめて,N5,for the first time,235933,73314,１６歳の時、初めてテニスをした。,"When I was sixteen, I played tennis for the first time.",5577f4682171dc1b7789524e720de58c46cda76d570a2994e55ab5b61577f7e3,2ae71a77f650477aaeb2ef7216ef18d214622aab6d879d6aa76e5ee00201bd5f,pending,,,,,
勉強,べんきょう (する),N5,study,184483,21611,学校ではどんな科目を勉強しますか。,What subjects do you study at school?,02ad4befbd4fc0194ff02ad461f43e8775786203f8f63ad11a726c37fa863170,5130a47edf1fbce85da9fbd8670a03dc506a8ced1a7eb256aad4c2940f43d62d,pending,,,,,
動物,どうぶつ,N5,animal,159921,254601,私はその動物の名前を知っている。,I know the name of this animal.,051682e51cf654971b8d672f9d37f1418959fa8ac7152fae5a69239d08891290,a272736c743337e6a77af75373d520a8c2e61ec8ff19c7f85aa6118ab24c46b1,pending,,,,,
勤める,つとめる,N5,to work (for),107366,296320,彼は広告会社に勤めている。,He works for an advertising agency.,9b2854ed40de8fffa43fb59f95f2bc0af02e6a05dd0699a5b650ebc6730a93cc,79b3994d42a9bd7e1817b0a4178c015a9f3799a1d915079dd45d700a575d2c5b,pending,,,,,
勤める,つとめる,N5,to work (for),115304,288367,彼は１０年の刑期を務めた。,He served a ten-year prison term.,83bb0c6dbc4f2fc12d37f8d6a91f444547132f5a94cedd6fdb78c2594795c7c0,f82192493d641ec847b2c7e1e16cb131bdcb1bed4aab811e4224f286613f1e8a,pending,,,,,
北,きた,N5,north,141143,273429,船はまっすぐ北に向かっている。,The ship is bearing due north.,f27d90b57cce2ab065efc352520a7c50c7de19ef8903353b6e8db1c3dd18908f,3c48cbf2dd9eadcc4b45312682a038fb6e2033e7f4f3211a31dcbd690db26468,pending,,,,,
医者,いしゃ,N5,doctor; physician,190767,27926,医者は彼の折れた足をついだ。,The doctor set his broken leg.,7f2ae74e71a0d2b579edbceeed28aa437aa432cdf67719e3c8f26107ed856c1f,0134f7585c1e78b8a3846f66af125aee2cab18beab6230bbf6e1546d2d6d1d31,pending,,,,,
十日,とおか,N5,ten days; tenth day of the month,185379,22511,会議は１０日後です。,The meeting is ten days away.,4589880947b7bef32066f62ac3259a2c4e83d255196afe37817be3304605d4c2,a4d94468d90d863b257a7205a10027ad1a585203b98a4afef14f6cc177be90ea,pending,,,,,
十日,とおか,N5,ten days; tenth day of the month,235336,72716,３月１０日までに予約を再確認して下さい。,Please reconfirm the reservation by March 10.,c6e5ddbbecc5da8e72ba72fb455c4ea817367d8e346a49616a8f7d8c4f427e66,474f91741626e7dfaa11d6129e0522f2841771aebf67f49ebc354bd09d8cedf6,pending,,,,,
千,せん,N5,thousand,189962,570322,飲み代として使った金額は総計７千ドルだった。,The total bill for drinks came up to 7000 dollars.,acbe7fe63706de9d2bb7dfdc91ab19e4363f94c4445cb5623e61e56bf4486ce0,d87e4ce0c73ed36b857280a78975dc5a6f800b614f5f9615b204b05e739f2b3c,pending,,,,,
午前,ごぜん,N5,"morning, A.M.",207576,44829,その電車は午前９時にここを出発します。,The train departs here at 9:00 a.m.,dbf214d965bca3e1af5e6e3d2d92b53b08f3dcfc5c6aeecd71e13912e6d532a5,47eb7ae52fd23169268c31111752352c97b7e4ca9f8299c5bc1380a265a8f4dc,pending,,,,,
午後,ごご,N5,"afternoon, P.M.",211448,19609,その急行は午後六時三十分着だ。,The express arrives at 6:30 p.m.,2b8d1fd6a19061c05704abf91b10310759ca06d951137842620fde1f83f6cba3,5ca65054035bc350247871933d5d08d7aba5768684be7b0551f4f00f5e3b303d,pending,,,,,
半,はん,N5,"half (e.g., にじはん | half-past two)",121264,282742,半時間したら彼はここに来るでしょう。,He will be here in half an hour.,de19db701f3363bb73dc0c4bf11b35b94fdf2c83aa02b859b9bb862954f42cef,9afe121a36aa83391d7f9e773214d6c971c742eb40089334b82f450ab577ab5e,pending,,,,,
半分,はんぶん,N5,half,227942,65295,エミーはナプキンを半分に折りたたんだ。,Emmy folded the napkin in half.,367aa265d7d117e628cfd485eceea499b0587a524a4feb80500ec93668669473,382d298bd8018458e56395c3056fccab1fd1ab8852c23831b7ca19b3b23954a1,pending,,,,,
南,みなみ,N5,South,196997,34176,フランスは英国の南にある。,France is to the south of England.,2dc14f136440c52422800f7eceecc6b29d2681e1f0466a0506d5a7e2d30235d0,bd48757a4d7dc994d5270455ee92a662fbfdc9c55c510413b58b02488628cfbf,pending,,,,,
危ない,あぶない,N5,"dangerous, critical",183595,20717,危ない空模様だ。,The weather is threatening.,6689891c1bf7894addffda33989ce223da964f0a1797a42e31b449a2a675f93f,b2a2f99b7c60e812408ce1efedb7a2f98befb81bc710d9595a508fc51fc2b3eb,pending,,,,,
危ない,あぶない,N5,"dangerous, critical",186727,23863,火は非常に危ない。,Fire is very dangerous.,fb3d92ff3759338ef3211be4cc5c85f9b8d67c2cf13a2397131dc4d65b029014,1cd452de79be5f46f1dd722bcc5402bcc28be9bd39af26cad74b995ab7140eef,pending,,,,,
危ない,あぶない,N5,"dangerous, critical",2432348,304059,彼の命が危ない。,His life is in danger.,e7acc3b82829ec9a59a5a10b73383db7ab112da047376cf16931e86eac2ccab0,49558a430e329242a072498043c6782ee8bfd47087e9fb5a5653820c0e8673f7,pending,,,,,
卵,たまご,N5,egg,78480,325236,卵を一ダースづつつめなさい。,Pack eggs in dozens.,50c864d7361ddcf9e2e195b204bb7eac86925030da2a1e8208d76d74dac3c570,d55a02bdc55a6fa9dc7747f1c7924b09b282af1b16dc35815576a2c7ec8669d8,pending,,,,,
卵,たまご,N5,egg,78488,325228,卵は硬くゆでてください。,Boil the eggs hard.,13e2e485b282df77b153637e02ad569278871d75c70cb3b596b941f1bdce591d,1b82b50bfb6f293181a8356c200caec5a4858324e7f2fe4d67fdcb60d3c2288f,pending,,,,,
卵,たまご,N5,egg,110043,293645,彼は医者の卵だ。,He's a future doctor.,306813e0c84c52fb484eb6e6cfb420430ef5b499c432adfeb87356515af654b5,0db04320ea5900ced8ca03f1ad3bda80056b1963c8a19e66c4028b9d3d3ce1ea,pending,,,,,
厚い,あつい,N5,"kind, warm(hearted), thick, deep",85389,318324,氷は２インチの厚さだ。,The ice is two inches thick.,3439c930491c845716990ccb94bde7607aba718d47407f43d1158dc4a1d75408,7e4d3c06010ecb5003ef783357e6978d717f2f2a149af1e7d3b19f986e25d82f,pending,,,,,
厚い,あつい,N5,"kind, warm(hearted), thick, deep",217164,54471,ご好意に対し厚くお礼を申し上げます。,I'm deeply grateful for your kindness.,5d2d62ac75efb4ef76243f8886d54814020cbbd70f1b559510159204d983f2e8,d5f23f39210cf4cd114e83311f1a80a45e940caa6b54823125cfa66ca9e64fb4,pending,,,,,
去年,きょねん,N5,last year,197333,34518,ビルは去年の秋に私に会いに来た。,Bill came to see me last autumn.,82c1ce2dda8cb1e1cfce3be23ad58f0e33e0fd017fc8eb9c4fed09bf17dd3d48,141fc910bf2ab285330f0ee684810d01433e5e9bdfcb5ac16b70c37ea2a9c038,pending,,,,,
友達,ともだち,N5,friend,175256,239210,犬は人間の最も親しい友達である。,Dogs are man's closest friends.,d18c13952dedb72c021e6f44193287a8e3d7540e2c627684de47390550211d96,5c7f5f7d5f521d8c8512f553e0d2d4cc8d43d6a91d7617f0e939caafe049c4dd,pending,,,,,
友達,ともだち,N5,friend,194630,31803,メグは新しい友達をたくさん得た。,Meg acquired many new friends.,ff2e63b386ec6c12d2d3d558b28eda0785d6f7b1bd6af86d31520bfba2ba12dd,eb7efb39751be185c52aa079e323450926cc70f8d7218775bfc24416b1a52aed,pending,,,,,
取る,とる,N5,to take (a class); to get (a grade),103454,300239,彼は数学で満点を取った。,He got full marks in mathematics.,81699867b465dbc4642d0cb684e148fedd03aec98499ebae85d45428d7cf0d90,8e0e8e01b738e13b15f0a604d5c8e1659fa83a4d7680f33e3d9465c880a44c27,pending,,,,,
取る,とる,N5,to take (a class); to get (a grade),123003,280999,肉から脂身を取りなさい。,Trim the fat off the meat.,6d8180bccaac2f7cb4bf54cfe9c8536357d51fc0eff0557e6099fdc63c554e51,5d893b78e34cd7fa4ccb2e4ee2f966a5713ce521bb1219eceb5696ddb03fd0c3,pending,,,,,
取る,とる,N5,to take (a class); to get (a grade),188596,25740,塩をとっていただけますか。,"Could you pass me the salt, please?",93435067e06d84b9a51411b6127ed205a4dc088369baf10d72fdfb9a1dca71d6,095c7e24bb2652d09fa757f5059ae7a2967acdd9af12ba704daa7cad0e755251,pending,,,,,
口,くち,N5,job opening; mouth,76274,327446,外米はぼそぼそしていて、日本人の口には合わない。,"Foreign rice is hard and tasteless, and doesn't appeal to the Japanese palate.",53f70d530552bfbf5d47e16b5b726a3f2e63e9e77fe1145c1032cfbaeafeede8,314cadad79d91e93c206b9e7b7f74960b606f94d310de2ee2e3f544de242ac0a,pending,,,,,
口,くち,N5,job opening; mouth,230723,68090,あの人は口と腹が反対だ。,He says one thing and means another.,a24215b67ec77537a7d230d253813117bb69a1ad77c3581fc89bbf231dde838b,337994a0cf9a1f17cc3a2871466f3d30d30d63cbe8de96cdc2b104ca7a545e6e,pending,,,,,
口,くち,N5,job opening; mouth,230989,68356,あの仕事の口はまだあるよ。,The job offer still stands.,7e4783ccae596ba66d6026a0ad617d09bc35752cc00f50fc803c57c1462b766a,aff50da45adf0d75d9e9893a77803ea0733c38c5aa3543cada01c09fcdef5fc2,pending,,,,,
古い,ふるい,N5,"old (in reference to objects, not people), aged, ancient",225203,1355445,ケンが使っている机はもう古い。,The desk that Ken uses is old.,257a8747d82d589d8dd7ef0ba845c5c60b025b643fc1d8f8f9e21591b3a53297,1aa77be5a55889622e6b8e4803c00dbf1da405bbc13a5d90424831a2a87a6f74,pending,,,,,
可愛い,かわいい,N5,"cute, adorable",164768,249739,私にとって子供たちは目の中に入れてもいたくないほどかわいいのです。,My children are very precious to me.,5c1a685754b703cfe8242185952415691be5a04da22b66494d99502c0843f295,5a5206c09f448f044785a6fb60a07d4b443f404b91b6a3c09871d16a38a98091,pending,,,,,
可愛い,かわいい,N5,"cute, adorable",220945,58267,この世にかわいい子はただ一人、母親にとってはそれはわが子。,"There's only one pretty child in the world, and every mother has it.",acfb12a8600d40c673351fb668beca9797d0f0e438c11198f3fb16a27dc40be9,b0677322a86ecb20491f51380d8778681f6004bf69f1125e2c6623b042ed5c14,pending,,,,,
台所,だいどころ,N5,kitchen,194778,31952,メアリーは階段をおりて台所へ行った。,Mary went down to the kitchen.,19f9c93e94b209df7f98b26847d8257400d73a6263b7950d243639f0f49866e3,39ed2cbeaa93614d0a0bb77960b81d47607506b05031922ad73e2ace26b738af,pending,,,,,
右,みぎ,N5,right hand side,235532,72910,２つ目の角を右に曲がりなさい。,Turn right at the second corner.,080350a117e08034287cb6bcc32010c037477e7857f3077f2028e3179bd39524,fe867c84e2c77b7921d3680679e4b107b823faba64881b0cc2f6bc45d446fa9e,pending,,,,,
同じ,おなじ,N5,"same, identical",215875,53176,ジャズが使う音符は、バッハが使ったのと同じだ,Jazz uses the same notes that Bach used.,c411abb4132e4cc68809926e332ca62686586850debd418dc0b38770709e9146,e95c79034f496bb2dfe1cf3e947a571dbb989d61a62437be170107243964bd19,pending,,,,,
名前,なまえ,N5,name,76927,326793,ああ、もしかして名前を呼ばれるのが恥ずかしいって？,"Ah, could it be you're embarrassed to be called by your first name?",4e4b4d7dd4f55f8a1e4dc0690660a471a620b0afabfb876828c9bcef60e887fa,72f77be016d88c2cd18b33b0d1587d574e7036363752a3c3d28857a3a9891b80,pending,,,,,
名前,なまえ,N5,name,232988,70359,あなたの名前はリストからはずされた。,Your name was dropped from the list.,04acef240a3cad59eed5ba923f184367ada6d6080aa0eb8ec6597789695e0eed,fb91c7c810747d3211765b4557af339ee4e261f37e0f2fbd4dc9aaefce2320f3,pending,,,,,
向こう,むこう,N5,"beyond, over there",87561,316147,彼女は背が低すぎて塀の向こうがみえなかった。,She was too short to see over the fence.,2cd8eb43c72a0d2bf586e2c424fd43e62326fbbf7dab4fd1c6e00702e46db581,443c8c1936621d7f17c9deeef6801e6adbc8e8a6fcf9b289c61d36f73128794f,pending,,,,,
向こう,むこう,N5,"beyond, over there",173840,240630,向こうの思う壷だぞ。,You will play into their hands.,00e4643a3faf938be58e8fbbd0dff5ce4349afac427da063ec3ca0336b13fac9,dec6b370fceb143c20e353f08bf3cf67a64a2de9c5828746c0d5a903c9b7fc28,pending,,,,,
向こう,むこう,N5,"beyond, over there",208147,45404,その男の子は向こうにいます。,The boy is over there.,cf8e61322b0162f4e0caa871f9b4c2534fa0e98d45b4dfb804b1e4d3be7c4723,6620baf410f49d4aa30e6626a1b7ff925ab75d259b94be615ab6972204ecedd5,pending,,,,,
吸う,すう,N5,"to breathe in, to suck",76227,327491,教室でどうどうとタバコをすう高校生たちとそれを注意できない教師たちは罰を受けることになります。,High school students who flagrantly smoke in class and the teachers who can't caution them will be punished.,fdda7feeb14322795a41ea24a80883e34ce91da6f59dc0d4554610a6aace407f,3f9ff2f4621bcb20c4296fd4896e8a6f69f3a29c2128b7f38e05228927a4e279,pending,,,,,
吸う,すう,N5,"to breathe in, to suck",221731,59057,この紙はインクを吸わない。,This paper does not absorb ink.,afe88d89770403446d8e96761132cc6da96202761d981325d70577312a7d820d,ad09fcbe57eebe60bdfc7ca06526c66c020b5871ba45e7a0cf38a501419d0802,pending,,,,,
吹く,ふく,N5,"to blow (wind, etc.)",80146,323571,木が芽をふいている。,The trees are shooting out buds.,65640c81ca561f92818711cf230201300163d30e398465aba8f5c9799fb1d8c5,edc22c27ad76bdbb5fe1d8d2df19d20c623794db830f18c65683f545d3ea1f4f,pending,,,,,
吹く,ふく,N5,"to blow (wind, etc.)",192285,29448,ローズはしゃぼん玉を吹いていた。,Rose was blowing bubbles.,0b1bfd1ce3cdaa7afe4b863aea3e9fbc2b0a68488c62f632af2646026b6a6bdc,2270a8a2d34765cad20d0db41681a5e2007c9d9c5b901632c15a12560ba0ae93,pending,,,,,
吹く,ふく,N5,"to blow (wind, etc.)",230511,67878,あの日は強い風が吹いていました。,There was a strong wind that day.,c769ff4720b99ae9facd9a1a419db55a6afb6a70bcf103ec131990649d19ba2f,ad9c206edb9bd405292fbb82abd8dd43d5aee982386389b8f865b9086a82cfdb,pending,,,,,
呼ぶ,よぶ,N5,to call (one's name); to invite,222910,60240,この映画は大変な人気を呼んだ。,This movie has won great popularity.,7f5153f0e407c50b62585b30076e46c34202330900953e9c6d23bea941fa657e,1b5b1be3a1a1ae61bc94a1769e2b5d56c87814869ef798ca3ab4a2c7a83dff45,pending,,,,,
呼ぶ,よぶ,N5,to call (one's name); to invite,231456,68823,あなたをケパと呼ぶことにします。,You will be called Cephas.,c20765e2c8f2cb953aaba6cf002b8b98daf1a246536efc8130b686be4c8cc31b,4e63690d7bfbea903e407772cfa6c14665a0a3e565852c025ca939ede3ac866c,pending,,,,,
呼ぶ,よぶ,N5,to call (one's name); to invite,234086,71459,あなたが呼べば、彼は来るでしょう。,He will come if you call him.,1159d0f7a0be6552f1981c7fa04b3c3ad98703212d9dbe8ebe810added98bc86,57466657413216cd572533568870447f6136d35dd2f337f5735cf162649a71f0,pending,,,,,
咲く,さく,N5,to bloom,217953,55262,これらの花は春に咲く。,These flowers bloom in spring.,a8017e812ebad1eedd20d52f1cb519ee5f90f72f079199df06b983c16de6c7ce,a1a7987b4549e4b5c5dd642a92802fdf334cc687b906b908a32e16633146510d,pending,,,,,
問題,もんだい,N5,a problem,232460,69830,あなたはどのようにしてその問題を解いたのですか。,How did you solve the problem?,af83ff1e2f6a59b39d233761db716ebddb6dd523616743d7f7332a495d0466dc,f25c6e2654765be8ee9f0d46c32dc058278df9fb1c7dd88040d4e5291c0975b9,pending,,,,,
喫茶店,きっさてん,N5,café,165940,248564,私たちは喫茶店で昼食をとった。,We ate lunch in a coffee lounge.,d3234e969183e2e0e076b6f202b6d5dc1dcd58906a850a625dda8a81d626d847,c3a57599584280dee754b48e466e9a3fe3ed257f2665ded5fb5ea6afa970659b,pending,,,,,
四,し,N5,four,210847,48116,その湖は直径四マイルである。,The lake is four miles across.,71cea31695b263744a11771c585fda1b12c2803947bc430b4feed919f4575d3f,5ccf7b6ad7ab63320f55a0f231c0a50e9bd392dcdd2bca681bbad7dc3149a1c3,pending,,,,,
四つ,よっつ,N5,four things,221924,59250,この国は季節が４つあります。,This country has four seasons.,b26f6c0d3fa25d68d2cc9810a5b932e6a5b5b200c86daeceb37a14dcab5b6b99,7ac89e464db23f1980916f758e0367375aa510e8a0535ee0c95e0aa3d4dce67d,pending,,,,,
四日,よっか,N5,four days; fourth day of the month,125908,278084,長くても４日しか待てませんよ。,I can wait four days at the longest.,872741fb51bab26254f71764ed41e05ed5c410517fc909f2a066e7368ecad6bb,d23f15869cfe1461d64f9c80acb9f5c3c073ecfe153a0668533e6e6feaee09b8,pending,,,,,
四日,よっか,N5,four days; fourth day of the month,234999,72376,７月４日はアメリカでは記念すべき日だ。,July 4th is a red-letter day in America.,6f1249fca4c168f171bff95455cd0cbbb22d1af1497f636e6a0df3edc891bbf1,891bc0c3349989a7d50014e2345d32627c8dbf7d7f1bc4cfa1ec26fff181f0af,pending,,,,,
困る,こまる,N5,"to be bothered, to have difficulty",82088,321627,僕はしばしばお金に困る。,I am often in difficulties.,1b3e2d10882d7b04dd3dff67d0e19cda42d8dff20c551aefbebed4473481ba3d,a5829d951c223ce4d3a6b4841b88f02936a100b675290eab5267b009c30e52f3,pending,,,,,
困る,こまる,N5,"to be bothered, to have difficulty",140250,274322,騒音でこまっている。,The noise bothers me.,df54fca87efc55a4ca2fea96162ccf570e45eed1d6070ccb69e59b7a21352a69,6ef04f8fc628ba9ce7da27a14a239a783de3697ecebe17f84ab98351d9ddf408,pending,,,,,
困る,こまる,N5,"to be bothered, to have difficulty",171017,243463,困ったら私に助けを求めなさい。,Turn to me for help if you are in difficulty.,056e9304f346f93cea78257d99f67582581e3e8c03b1569346ded026991cb82a,d5b04539d7ec16f5b5c8f9b841d755b23fa68f18b3d640a5c005ef89b8c48daf,pending,,,,,
図書館,としょかん,N5,library,167040,247462,私たちの学校には立派な図書館があります。,We have a nice school library.,9179bafb9c5fa07168f0063b74980a458d2de901931e91c21df2ca0f6ac59019,6c22cc07972eafe5ba32f067a6b85a32d0dbe59cb4db20a5e7c85c216161c9d6,pending,,,,,
国,くに,N5,country; place of origin,74031,329689,『北の国から』は、北海道富良野市を舞台にしたフジテレビジョン制作のテレビドラマ。,"""From the North Country"" is a TV drama produced by Fuji TV and set in Furano in Hokkaido.",05b71940257907a66d4098fd5ac757602cc3d2c17d82199492b2c494a8182c12,b0f9f1649ecbc9e1f4935839ba217c483da0c5187d607d706d3652aa39e5fbdd,pending,,,,,
国,くに,N5,country; place of origin,188508,25652,その王がその国を治めていた。,The king governed the country.,0a52c5f4e2684e44a607a6e12b8ae7149ad4027560d60858afc514e8bab5d549,a510704243719c0e2efa2cf48503328ed9686259567dfc93fdcb5ebabff06af8,pending,,,,,
国,くに,N5,country; place of origin,212023,49301,その科学者は国の内外で有名である。,The scientist is famous both at home and abroad.,1f9797b2176e8e894fe1721b30f1d28a5efd2495a6144ca61aab557c75dc6040,e142c598e8033dab6d81127cfca55f55b85195824c89c08087605307c6b8ef1e,pending,,,,,
土曜日,どようび,N5,Saturday,154894,259645,私は土曜日からここにいます。,I've been here since Saturday.,3951169ae2a4a8005410981fbd6faa670664c8695cc1d704264e41c8ba6ba327,50c8c60a68872850d2fa73c3cf7e4f1bf2ff99039f93237dcd4ad3077fe437d2,pending,,,,,
地下鉄,ちかてつ,N5,"underground train, subway",127016,277074,地下鉄で行きたいのです。,I want to get there by subway.,cbdc82d4e13df09a6b59ba3c692d60c69db397771d03bb37ece7bdce81efd685,b28a122252db8415ca1ba759d397022c9149c01cc7db98f8d10993ef10416e74,pending,,,,,
地図,ちず,N5,a map,200895,38099,どこへ行けばヨーロッパの地図が手に入りますか。,Where can I obtain a map of Europe?,540e464cd4b7d2ea8387b9c748ac5308f1e60d53086a8908a5e2ad38d809ce11,dc5c860164b45ff5cca01b18cdaff09d33807db6314270ceace81cda42e6e928,pending,,,,,
塩,しお,N5,salt,223651,60987,このスープは塩が少し足りない。,This soup wants a bit of salt.,9d38aaa3766e3abfaf5635faac0282d73346f9604e8e8dd1a8b34f0d14c93f17,1bfd7922e63782637203d513ed9c96302818ce3b092561e0ee4c0b321ba35403,pending,,,,,
声,こえ,N5,voice,122235,281768,日本人は鳥や虫の声を楽しむ。,The Japanese enjoy the songs of birds and insects.,19a7f24e3b3eeec0b483ba616f36c16c8eef44fb36e29507f60973765f7986b5,c26946ea8e943563e2e4e71066a7d0f6b203664e564736daac39a27d69afdaa5,pending,,,,,
声,こえ,N5,voice,1142225,70500,あなたの声が聞けてうれしいわ。,I am happy to hear your voice.,198563effe18c74924884ae48bee1b234f8a1756939729385b91959643d225e2,2290cf1fd4aba781859ac29d63595922557f2811957c08e565e4b103dfea0984,pending,,,,,
売る,うる,N5,to sell (v.t.),226372,63715,ガソリンはリットル単位で売られる。,Gasoline is sold by the liter.,d2e16117ffff074e513e67a1dc212f3cf6968bd62366a74a1f289a0302348e69,19a8ea1ab8756dcfda7f6e873ead549ae38e586dae55440ffb305ed7943d95e8,pending,,,,,
夏,なつ,N5,summer,222850,60181,この夏最高の暑さだ。,It is the hottest this summer.,69e914261b737423da01d3d56f5ea5f504ecda48a9f89b59f8525457911b6ac7,4ea8bf8c1d9165888f3ac865497143fdbb2dde3c2e76efbb4a5dbbd94f2ccc58,pending,,,,,
夏休み,なつやすみ,N5,summer vacation,222855,60186,この夏休みはどこかへ行くのですか。,Are you going away this summer?,ea0d9c35e2f19a75569f7b960664f8164ef134c0477945562a9337b5625567b8,dc7cb022ce8d93fa560172db5e3f353ec9fca291de1bedcae5eed85822608163,pending,,,,,
夕方,ゆうがた,N5,"late afternoon (typically just before dinner time), evening",197417,31050,ひょっとすると夕方前に雨になるかもしれない。,It might rain before evening.,ff37dc9dc8df070765d847aecd522246c5860d7ade090df9a44e66799d4bf8d7,a44df9ef6f37b273746af2757b1cbf2b830bdf07be2fe510af0513a5808e3f73,pending,,,,,
夕飯,ゆうはん,N5,"dinner, supper, evening meal",156721,257813,私は昨日夕飯を作った。,I cooked supper last night.,0159766c2c75df2c69d5bea2b26d5d3e19b2395d36778dced8c2b61618e7b5a8,5d9f5fdc402187d203a1e86d362f1d8db9b47d855fbafe1fc0d3ffda4daa91b9,pending,,,,,
外,そと,N5,"outside, exterior",74881,328838,うちはうち、そとはそと。,"Our house, our rules.",06204569bf64cb181bc3c93fc6e53ce0023944bbacc6d4068c90359fda73b9f2,e314acf63348b43464563d75761b87c9dbb51625487b37f0ec63f71c6b75b3fa,pending,,,,,
外,そと,N5,"outside, exterior",228760,66118,いつもと変えてたまに外で食事しよう。,Let's occasionally change where we go to eat out.,167348cde0c44bfd3fb4248c1009bb39feb7a491d1423bc2642337d84496c69e,9c844c96bb64de92e32241c6f783591bab6f03bd7cb309f0c6f69afefae33e47,pending,,,,,
外,そと,N5,"outside, exterior",229919,67283,あるものの意味がわかるためには、そのものの外に出て、離れたところからそれを経験することができなければならない。,"You have to be outside something, able to experience it from a distance, before it makes sense.",0fdf8482eb87d3addd62c54dbfa55ab1291d346aa336cfbcb73f05a4450db943,ba6a7fa75e88fa12adecedb82d7116be3d9baaa8a559670e10e06a139ca129b3,pending,,,,,
外国,がいこく,N5,foreign country; abroad,232163,69532,あなたは外国の本を持っていますか。,Do you have any foreign books?,63448d454a363beda276776a91edadf47f1087766c8bce5f5a0cf9d2ccc9b9c0,456ca1663b193ff0231973f3f03cb5afccfde93ac7333064c0c956c7b2c915b3,pending,,,,,
外国人,がいこくじん,N5,foreigner,236326,73692,「居住外国人」とは、どういう意味ですか。,"What does ""resident alien"" mean?",95e49cd2ff2014620f3650610973da21ede3cc185098ba44efbb77cd06a34861,ccb17edabe46bb32e2b6788c96eb47ff5ace44bfb3b601a116f64fc4e48cf48b,pending,,,,,
多い,おおい,N5,many; there are a lot,235576,72956,２０代の若い女性の中には、夏休みに海外旅行にでたいと思う人も多い。,Many young women in their 20s plan to go abroad during their summer holidays.,148259c7ebfdfaa4779eada15c3ff9c85c0bc091aa97b74d605a1c44c19ccc20,5b5f90281f4bf5bb9c2ca7c01f5e8897798f8df3143331e92dc23a3d5e5b7981,pending,,,,,
多分,たぶん,N5,"perhaps, probably, maybe",178680,17532,君にはたぶんみんなわかっていることでしょう。,I expect you know all about it.,90916914d5b524fbbf93a633ec0d93073a9fdb043ddeaa1e8658cb94dce72ee9,0d7d4f920e0d8cb8f834e0634915622f2c8b3aa746a7b1828a54de4d122b6f5e,pending,,,,,
夜,よる,N5,"evening, night",231522,68888,あなたは夜よく寝れませんか。,Don't you sleep well at night?,9510cae8904da75ba3a2145c29cc3db89ad894f96ac3db9f4ea55812d4c80fff,0c86832eff8c20181ab504746c121bf40f1a649a6ce6b615530838d7c942e3f1,pending,,,,,
大きい,おおきい,N5,"big, large",193234,30399,もっと大きい声で言ってください。,"Louder, please.",8cd52b8c733b82e612a4e57aa8261e305bac9e14c44ea29a43b80c2590ef8669,c904b017be03d005e3ee168a8af729eb0454991cc79e16c6ff90b0bbf8e3c696,pending,,,,,
大きい,おおきい,N5,"big, large",225891,63229,きみは何と大きい家を持っているんだろう。,What a big house you have!,0722f89b43bf3e94ef4e917e7a3cae4fa63b32f9aa82dcf4e3906d78afa05c27,37fd6eee867717fe975270438fa87680987eaea21429801454c120e84eca9da9,pending,,,,,
大きな,おおきな,N5,big,230118,67483,アメリカ人の中には大きな借金を抱えている人がいる。,Some Americans have grave debts.,389e67fb94d0b68fb3ce24bc859db569da4c42250b9757e6809b62ac890f881d,b1b491b206e441081a014d00f996d0766d411855f9b89ffba3eca8fad8eb3b33,pending,,,,,
大丈夫,だいじょうぶ,N5,It's ok (all right); No need to worry; Everything is under control,90036,313678,彼女は今のところ大丈夫です。,She is all right at the moment.,45756e4b0b3ec83dfaee12b757468ef27174168a3b6054d9ff74b1797b0ebfd7,912a2911d5d034850160ccf02c0ee257e862ed1876e112124bcd4f0e9c509728,pending,,,,,
大丈夫,だいじょうぶ,N5,It's ok (all right); No need to worry; Everything is under control,228498,65856,いや、大丈夫だ。,"No, no, that's okay.",8cc078d17d82846ba4480ed8d7fa95cf5ad7ccd661ca1f9312c593a2932ab8c9,920b4342c9e43a3951d24e17520b8083b9918aa85405176aa487ec1a3355b728,pending,,,,,
大人,おとな,N5,adult,137483,275753,大人だけこの映画が見える。,Only adults can see this film.,8ffe24d4eb0f08195e29278e67702b3bb3e855fc03daed80ab75afb9593d8473,99332f2f23d3db898f11ef445f741ca1a798ff6b34930088788a4348e6070b67,pending,,,,,
大使館,たいしかん,N5,embassy,137529,275707,大使館は最高裁判所に隣接している。,The embassy is located next to the Supreme Court.,bc726baef2260f2bdfbee1669879810508a8f00d857fd89ab691566d711f676c,ec2ca70cab27f32c8ace3a87d853aeaa2655247491be6d538564f8417738c549,pending,,,,,
大切,たいせつ,N5,important,137436,275800,大切なものはここに置かないで下さい。,Please don't leave valuable things here.,76e7fdc8ad086359bfaf5e1c5823d5c9a5a6a688b481a1af1aa22ab26849f275,23d3a3ab6acfdca846090437c89b6a01d0ab63ef64a514a06d78e90fbf0234d9,pending,,,,,
大切,たいせつ,N5,important,147997,266562,柔道では力より技のほうが大切である。,"In judo, technique is more important than strength.",5a92bc3b824b2ee0791ef7ca2a35c00fc3b6659f8ad041421ba6f7f2c67d89c7,405329213de21a9dc9e7f651b4cbb20a733813f03c35ea15a6f89745094122df,pending,,,,,
大切,たいせつ,N5,important,157230,257303,私は古い本を大切に保存している。,I keep old books with care.,2a68913cf0f28d2ebe8ee5ddaa135121013042f92266832b418678f6b76d54bb,1b9cf0809d1c130e673d1fe21f16aa5d06e26e76beb2cec064a368fd8241b8b9,pending,,,,,
大勢,おおぜい,N5,great number of people,213674,50962,そこには大勢の人がいた。,There was a large crowd there.,b82c669b30270d439e0e50df2e8cc4b700c56e432e11adf0717ab90185b5bef4,90085fdaf7c97070422a657d58850a36f4c34c32b1637df19c00b02ead6ff634,pending,,,,,
大変,たいへん,N5,"very; difficult, hard",193739,30907,もし期限切れになったら、大変なことになるよ。,There will be hell to pay if I don't make this deadline.,7ed352bb1ef24d7abcedc39c47b683805855831a7dd4ceb20df0da1887cf7802,05f501787ddb8c27c704f7a58231857e12083cc0c8cb6e8aa50d7124f9a30cb9,pending,,,,,
大変,たいへん,N5,"very; difficult, hard",234527,71903,あえて言いますが、もし我々がそんなことをすれば大変な誤りを犯すことになると私は思います。,"At the risk of sticking my neck out, I think that if we do that, we're making a big, big mistake.",b9e8930476e82b40e2f86b58f32f63522df1ca81c431a31e7016c08f70da4c57,d8ac72c9a3ef166fa601720a1ee3fac07aa8443153b54cbd8b0032a0d20ace30,pending,,,,,
大変,たいへん,N5,"very; difficult, hard",235685,73065,１日中歩き回って大変疲れた。,I am dead tired from walking around all day.,c0b7e70b344e1683d749856986e9749be2a2a68f84c6c438feabb5ffcabab87f,d2715fac94ff3f03a839bad2299264a4723b6938c202e6a09b783d58ee68d27f,pending,,,,,
大好き,だいすき,N5,"very like-able, like very much",224155,61491,こちらはケンです。彼は自分の犬が大好きです。,This is Ken. He really likes his dog.,41b4deeef2df53e7ad3273b309541e5e53ab3f1684488f23df16aa175e22c494,16f4ecf7e948599078b737248f57bab2400ee8c4b4889646d52540ad3dfa8b00,pending,,,,,
大学,だいがく,N5,college; university,173167,241304,合格者の過半数は大学出身者であった。,The majority of the successful candidates were university graduates.,96253fc3444cb05c0bbed9a1a9fa6a4d9e201728d9d22def28cdf9ae8442c920,44312736adaf7ef5d8540a91667cde983c877e054f86e407b8531c9309c032d0,pending,,,,,
大学,だいがく,N5,college; university,231493,68860,あなたは理科系の大学に進んだほうがいいよ。,You should go on to a technical college.,1a9189a49c1fae063129237ebbb1dc2413a86b2f982db4ac5f8bd1fc3b2a82e2,59a655ca7201aec4e824c37f67303019fdc7ea2a3497d928fa89271cb1bde3de,pending,,,,,
天気,てんき,N5,weather,101934,301759,彼は天気のよい日を利用して壁を塗った。,He took advantage of the fine weather to paint the wall.,89fba1ed45c3d67a6518cf6b53fa8d749368b7cc4cf1b80949c19ed333e5ab7e,6546630f72ee2d3d3f3c87adf6d4df2a38cce6f435c8d63d1711c8bec8ee2441,pending,,,,,
天気,てんき,N5,weather,171537,242939,今日が天気ならいいのに。,I wish it were fine today.,8368c8849723cc8ace6d7d55fdffb443ae038d4614197007370894d13d312120,4e45583aa2c6a524d37aef0378cd8b8598f831c239c927928a64bb010a443113,pending,,,,,
太い,ふとい,N5,"fat, thick",102554,301140,彼は太い首をしている。,He has a thick neck.,89a28b664888787f2403ac3c28b6ca425f5df49e14e7437b5840f94063e7cfca,92dc2375859cc62a7a325c1728c8769ef729baae7d2d76f3058e87f762c4185d,pending,,,,,
奥さん,おくさん,N5,(someone else's) wife (hon.),109549,294141,彼は奥さんが怖かった。,He was afraid of his wife.,930ea2fbb62ddaf3e9d5bc2a397ff1b3eb9c6c95120ea579437c2f1d3a376182,dd87e05bb5d05d143dcf84fab9de26db9febb011ef6a3a9118887a089e75044d,pending,,,,,
女,おんな,N5,"woman, female",119438,284225,彼が戻ってきた時には、女は歩み去っていた。,"When he came back, the woman had walked off.",e58875d5a61bffb99767d08f17e945eb268c8385aff1ba6cae65989eb247a7e2,fc9b3cdf99d983c0c954eaa830639bf3b112294b2325ea43635fa66b67076c89,pending,,,,,
女の子,おんなのこ,N5,girl,209395,4731783,その女の子達は、とても忙しい。,Those girls are very busy.,5a8a1f2f75f9f7c8e87e72cc83617a71a0c03be36f68ad8d2948c90e4b41b785,5f1d569d874cbac87f338e86c14041d3b94f7473320b0051f60c9a792623ca82,pending,,,,,
好き,すき,N5,"liking, fondness, love",149400,265158,実を言うと、私は彼が好きでないのです。,"To tell you the truth, I don't love him.",45f4c9aa29f720340dcf92e8f88a82e58fdb861329520e69420b363821170ec5,c40453bf476a8fbaec7369237bf6ab23af5d776cf1176b01f70f0949e0db1b0a,pending,,,,,
好き,すき,N5,"liking, fondness, love",236630,73919,「ケーキはお好きですか」「はい、好きです」,"""Do you like cake?"" ""Yes, I do.""",4da723e1296a88e9dbe5cd03b8ed4d7291dd6fc9dab77f870cb7be18a0bd3ef7,ccf32ac7be3dbb20172b9d877c3af8ab1612eb0d92a6f9783d73bab9374a0a9b,pending,,,,,
妹,いもうと,N5,younger sister (humble),231347,68714,あのかわいい少女は私の妹です。,That pretty girl is my sister.,ea0721559f3d43adfc7b7c63e14c1d7f97a50a5fcfb3fcc10cc1a34edeb18954,955f5b181ee36905d71f79f763137d9297a0987e0217874837e8ce1d2409a646,pending,,,,,
姉,あね,N5,(my) older sister (humble),168901,245589,姉は私のズボンにアイロンをかけてくれる。,My sister presses my trousers.,c9168683923b0b5c1ff0d8113b673846cd921c97875a06cc59e5e9d90c6d1849,22634f1ef2b8f20dbecd63d73a20ebd738190f9902b69018219e349468d13713,pending,,,,,
始まる,はじまる,N5,(something) begins,210021,47284,その試合は何時に始まりますか。,What time does the game start?,0494733c9eae6b9f1c977e302a4ccc72ae5cd8807adfa238fa97f28d62993333,648a9871247d8e974f2bbfbe5622736b21867b57872b8f4e99395e079c5f5569,pending,,,,,
嫌,いや,N5,"disagreeable, detestable, unpleasant",115827,287843,彼の話し方が嫌なの。,I don't like his way of talking.,726b08cc666036160f4283fbb97c6923523703b299734da206b7992d11873532,0bf980756ea40c30d9d5eafa731c1430ec1b89a9054c84f256a5e7e4908574a1,pending,,,,,
嫌,いや,N5,"disagreeable, detestable, unpleasant",219213,56529,この卵は嫌な匂いがする。,This egg has a bad smell.,0e9ce0834c2a8955966241fcdadce1ca06d47d4c1edea40049bfd0a1b411eade,adc9b199705b5a06937aba1ba10b653ca5273459eae44692fa8bacde7aa3b41f,pending,,,,,
嫌い,きらい,N5,dislike,76676,327044,ジムくんは行き過ぎの嫌いがある。,Jim tends to go too far.,d6174b61857e344cd2f6053fab1f6a2e73b523b29e93a80187abf29d06f2c32a,25cc47150b59f3e9d568571dc400c85f5e805242e4a5a7295664e1e2eec1b722,pending,,,,,
嫌い,きらい,N5,dislike,237276,73973,「あなたは仕事が気に入っていると思います」「いやそれどころか、嫌いです」,"""I think you like your job."" ""On the contrary, I hate it.""",1fc70d8fa4ad1e5651f904c4a0e3ebc8d55c843b09b7799835973f5aa3b3a9cc,9adfefe4aec6eeca49b83fc7f40c41be846c930f1f12bf81cb170016aea3cc53,pending,,,,,
子供,こども,N5,child(ren),233758,24512,あなたには何人子供がいますか。,How many children do you have?,93e8894564fd82075fbea86d6a47bb1ddda5027937408c473f3bb98944d9f696,ddd142cd185d12f0aa3636369f5b08fc6d4ab6383df933325016d1621ea32c14,pending,,,,,
学校,がっこう,N5,a school,222600,59930,この学校はたくさんの生徒がいます。,This school has many students.,6a97fb97b34e07457e64559939fa8612d9fdb2b5f9eb5e8c0ce9679ed410401e,3dd5abbeb5bff45c2b0f84a799b781de2bc3947f409ea17e14463281f38e8e9f,pending,,,,,
学生,がくせい,N5,student,184267,21395,学生の半数が休んでいた。,Half the students were absent.,e7bde67fac0f84890b8f8008ea1cc9530283f51eac4afa5f0637a6ea01b2293e,c181f37407e7971af06aa9525d97b42fa05420740bd3bc533bc78efbd4909060,pending,,,,,
安い,やすい,N5,inexpensive; cheap (things),218537,55850,これはバーゲン商品なので定価よりやすくなっているんじゃないですか。,Aren't you selling this at a discount price?,165bd57808a4d30281990ca4c3f0595fb1629aaa84db1467118a6fd7f965d23f,f01c2481e140dcb1fe4278483e632c545ac839bc1288722347a0d1963a33c707,pending,,,,,
家,いえ,N5,"house, home",80048,323593,木立の間に家が見える。,I see a house among the trees.,cf491b985c755e44f1043cc29b8e2c4aeee4b486ba6fac9360ec2e05aa98cda0,86e2e3810b6b77d1e5530edf97bddc4112bf5a4a29764ecb03b3657228f6fe72,pending,,,,,
家,いえ,N5,"house, home",231180,68546,あの家の繁栄は大戦中からのことだ。,The prosperity of the family dates from the Great War.,9d45d7228c84e679bc4de33996d4fe1dd4767a7bdf5219ded7d2aa2e7322d648,0ecf5e62ef35b1ce23f8a684e92cd1f74cbbbf5b323da9ff2c9dc117a89bd983,pending,,,,,
家庭,かてい,N5,home; family,145834,268728,食事は家庭で食べますか、外食ですか。,Do you eat at home or eat out?,6d2b65b746927f89d11255fba456ba8669526d09732025f16a9b44b1461c4d24,9c98aa7adf097d42a5486123bd0064a18ee192bde722c52d1dc2b82da9e43ff1,pending,,,,,
家族,かぞく,N5,"family, members of a family",233420,70790,あなたの家族はきっと親切でしょう。,Your family must be very nice.,db5c7421e753b518afc54240675172459514829a4595f4ce737aa96385db2e92,7d9886d19d2116cc844a4c00d43189cb789dcf9933999f9e3f70d527d5601a0e,pending,,,,,
宿題,しゅくだい,N5,homework,171597,242878,今日は宿題が無い。,I have no homework today.,98757584f806d6773a3f7eb1ab573493855fa31347daa348a4428fcb80d4d3ae,da7031f66f5997cfe880f1dd417e96eaebc9cb62a1d8a7af604c03bc22687dee,pending,,,,,
寒い,さむい,N5,cold (in reference to weather),184049,21177,寒いからコートを着るべきだ。,It's cold so you should wear a coat.,ba8f504554e295cef3cab221599f5d5b3b65699200d578626d25aea905a8fdc2,33b99df9795c3cf4309fc80428f913579e0533b84cb8200e0c52dd3ddb29293c,pending,,,,,
寒い,さむい,N5,cold (in reference to weather),222586,59916,この寒さにはもう耐えられない。,I can no longer stand the cold.,4ae673f2beb83e67831e4d587f995d18d3135744d3a2d8b1015e053dba6c6e32,7d59108ce8fb1b3e16130f6cd5b181755c4ad253006d64323ac86f254bf80d4e,pending,,,,,
寝る,ねる,N5,to sleep; to go to sleep; to go to bed,142199,45848,赤ん坊は１日中寝ていた。,The baby was sleeping all day long.,9b5448a41e6124b4b5fc424e17abd35da10dad09f37885602f3f26f8f63e6061,bb799142410500f9f57a93374b9d938809a44d6a1663261334e349e06d631d44,pending,,,,,
寝る,ねる,N5,to sleep; to go to sleep; to go to bed,145651,268911,寝る前に歯を磨きなさい。,Brush your teeth before going to bed.,826974103077cacf8b7a779076c3bbac746f5212867c1a5b898e69fb20dbf3cf,8703fffb802bf217a6f5d995285c366612b0b2fe9dbd4a4365a83d492364ed96,pending,,,,,
寝る,ねる,N5,to sleep; to go to sleep; to go to bed,146544,268018,少年は春の日差しを浴びて仰向けに寝ていた。,"The boy lay on his back, basking in the spring sunshine.",1dfb6803d36308d9b18917ee15fe6a0093fc826e51e2bfa0e13119fe11de9867,602c383d08771d4a2b6a524c369ce5ee1cc3d04d9662d4e5a9f0d7002195b48b,pending,,,,,
封筒,ふうとう,N5,envelope,203217,40453,だれがこの封筒を破って開けたのか。,Who has torn the envelope open?,b518f243229128dec6c70d273182c1a105caa9580182cd44deff96a4d25291a7,ab4bb812d871c1166643de5403f2e7474a58050ac94307d182f2c3b6ae95ac13,pending,,,,,
小さい,ちいさい,N5,"small, little",211564,48841,その机はメグには小さすぎる。,The desk is too small for Meg.,8934461a1413aebb66c068d33e73594005eaf8b523a714bfb4575959c871f420,922e6d939f2d61c5fdde18455f0bfd3dab7d3a402213a6619f4a5e2cdd77add8,pending,,,,,
小さな,ちいさな,N5,"small, little",210970,48241,その犬は小さな男の子に向かって唸った。,The dog growled at a little boy.,3e05dd56bbca85fc3506d3e35df42a3dc6f373d4dd459da8fb628ef1fb741b2f,8e44433152a0e4b0f727bb1c8dabd3a72806c369712c23b2b01d08715ad94665,pending,,,,,
少し,すこし,N5,"little, few",146856,267705,少しテレビを見てもいいですか。,Do you mind if I watch TV for a while?,bfbfc3cf64df2ee5c66e71eca31a96a07b8addd0c9f9200a0745feb6a0655690,e0ad079e9e2e24adb7fb8acaf18c14c23d08018e9d6cb1f2382280da6730f911,pending,,,,,
少し,すこし,N5,"little, few",168663,245828,子供に少し愛情を注いで見給え、すると君におびただしい愛情が戻ってくる。,"Give a little love to a child, and you get a great deal back.",cbe431f1628e355b4d50706bb584fbd9e6d8b84ac7fcf2d0507fd1bb73e2b842,d2426a237b7df9196ec33d577b1aa72c2329b717921261c063467cfcbf30bf78,pending,,,,,
少ない,すくない,N5,a little; a few,220108,57427,この病気に勝てる人は少ない。,Not many survive this disease.,06ed037de079ebf30fe99c8dfd424e3e326134d781a93cfce9ea5e2773ad9fdd,031cc0a265e0091f457ad1ebdac4e9e43cb28cc80e6a446430aa0f5d3b1d06e2,pending,,,,,
居る,いる,N5,"(humble) to be (animate), to exist",81027,322688,民主主義に対する信頼をなくした者もいる。,Some have lost faith in democracy.,a9dffc95c4b0c22efc5cf3ad844a48c41da76c1b218dacae46c469529238a501,3918e72826ad69b8870f1e4cb0af8c3975f1586bdb8d3450a689a9d692c3c733,pending,,,,,
居る,いる,N5,"(humble) to be (animate), to exist",113379,290294,彼はずっと前に死んでいることが分かった。,It turned out that he had long been dead.,0ff4569a0b57f1b4f3c98530a97a53ffceffe97845e4d5ab0bc52f6471e584cb,09be27f4433724a34824a547cf30a78174a26323041ddbe7f52e38f2e5d96a20,pending,,,,,
居る,いる,N5,"(humble) to be (animate), to exist",214668,51961,すっかり食べ終わってはいない。,I haven't quite finished eating.,887c2177e492796cf0f6491370707fdb0cc9a9f0c27d966379f0a591d06e7ef4,45d56591fa6a5d04d1259b3d359e6049e3ab21fd39468f521d24f6879c491a51,pending,,,,,
山,やま,N5,mountain,141208,273364,洗濯物の山を見ながら、私はため息をついた。,"Looking at the pile of laundry, I sighed.",eaeff8c25dc389b78480fb2c37337957784994aa93f6f47fabdd70cdb52f0931,b908b7dd544e9e5d530a6ab3a84ae6726d15e3a1983207795206063de14f2adf,pending,,,,,
山,やま,N5,mountain,173254,241217,高い山の頂上は空気が薄い。,The air is thin at the top of a high mountain.,5278abcdc7c49cd9f395cdd0fe29ac0aebc5f31de59282c62279513caa3a0e8f,b5b089ba3754f64a37c2e1feb68f4edeba4132f3f68db65640d7c531a713af75,pending,,,,,
山,やま,N5,mountain,228107,65461,うまくあの先生のやまを当てたわね。,You've sure got the teacher's number.,fdb3f8859cb21438b57cdb536f94b5d18621ef2992b393c6b56fe5dbfa254d89,5cdc453b84d14e55e684fca1bd77e5a5f6287bea7fe38ee066326c72ef39557a,pending,,,,,
左,ひだり,N5,left hand side,196996,34177,フランスは左に、イギリスは右に揺れているように思われる。,France seems to be swinging left - Britain to the right.,b0800fff2136ba0d9ae4df35b42c580cbf05876f088e473ec716f4cde53f0d87,0d4656d54759d4b04719e88fd3c8b7e90e1336fc97ec044ccacab7629f98ee08,pending,,,,,
左,ひだり,N5,left hand side,212631,49914,そのポールは左に傾いた。,The pole inclined to the left.,8f66fc4f498a951845d3df252bbf29b21038759601b18ff82e8edeca23973bd2,bfb6c12ee3c1276c55b4775874f50860c53bc4fb941d145c86df251be0dacae5,pending,,,,,
差す,さす,N5,"to raise (stretch out) hands, to raise (e.g., umbrella)",74094,329626,ほお紅や口紅を差すだけで表情や笑顔がどんどん変わってくるんです。,Expressions and smiles change like that just from applying rouge and lipstick.,99e893a210dff85ae717b10b99421a113c22171949a65e3c9746975e4432173f,bee52d1c43d6e41af78348086913f222759084e21e39c0cb80b39c3655983d4b,pending,,,,,
差す,さす,N5,"to raise (stretch out) hands, to raise (e.g., umbrella)",109822,293868,彼は雨の中を傘もささずに歩きつづけた。,He went on walking in the rain without an umbrella.,29cd5ecb764c5cbf0edc87b334018ae80425924eb557da3473699b76156dd633,7beaea8c6b88179ac61f4917b187e0a0226bef55b11d8afb1ad60eb01055bde8,pending,,,,,
帰る,かえる,N5,"to go back, to go home, to return",77432,326287,恋人よ、我に帰れ。,"Lover, come back to me.",f46f7aade181396e36c73778f5e77919f9bcce29387cf1e75d04b925d9a91a8e,1395e932220b854a429b24e8e2e53db21008afcb295b8135e1d5b8d49681bb33,pending,,,,,
帰る,かえる,N5,"to go back, to go home, to return",235969,73350,１１時を過ぎると、お客たちは三々五々帰り始めた。,After 11 o'clock the guests began to leave by twos and threes.,44d405e63e4c4c32972f59bfe1b0b3448704af113ce63ede0f281554cb194571,ba9f758f267017697a6bed8b5bb2267e2d2ea1f46e0fde8b25c0ff310d35b89a,pending,,,,,
帽子,ぼうし,N5,hat; cap,219814,57134,この帽子は１０００円なら安い。,This hat is cheap at 1000 yen.,12e58017c47850dd650ee156933c4f1006acec64ea5c33eee36d224f33afe11d,138efd8c21bf6696326bd5fd81798d21a182d79f26ddf72e224fa3ad572adbf7,pending,,,,,
年,とし,N5,"year, age",190663,27821,一月は年の一番目の月です。,January is the first month of the year.,ee2c1f84df683fad54ec891fdbe548bc132e1a390f6654a2fc1538de13121880,ed07f75fe38a5f2fd906caf5cdbb04bf607980b6588b37ed84833225277556bf,pending,,,,,
年,とし,N5,"year, age",226785,64132,お年をお聞きしてよろしいでしょうか。,Might I ask your age?,0db73a01446f7aec68fd8d0284f480ff56d563f85d801eaa1e7a7dc31bfd588d,2a2ffef959a66f8046d7875189062bc991c90199047daa6335373070633d9635,pending,,,,,
広い,ひろい,N5,spacious; wide; broad,215496,52794,ジョンソン氏の部屋は広かった。,Mr Johnson's was a large room.,d5155cb57e62ba5b6e1e751b5cfa71d481d4038b7765506bc255a55bb4ad42ed,e14b500af4ba27b65beb10acbd697a79c7935ee86c79af0a9f0deb547bc46e0e,pending,,,,,
店,みせ,N5,"store, shop",230537,67904,あの店はサービスが良い。,That store gives good service.,316a8c4ae57c70a8e45fd9ed70c6eb72e27cd8399bd910e6a0330ddcaae65b53,65c58f08e64c67f932c71c85716b63e55b69e3b8dcdc3da2191c74d55bfdba3f,pending,,,,,
座る,すわる,N5,to sit,143532,271035,数人の学生がベンチに座り、昼食を食べていた。,Some students were sitting on the bench and having lunch.,fa618cd0462f4e650564806bcc4b18cd455d44267357e558a56d82fb44664c7e,7aad40297d5d6b406ec47d029c3876cdfa84668fe5d3baf88281debd81238b44,pending,,,,,
庭,にわ,N5,garden,166847,247655,私たちの庭には２本の桜の木があります。,Our garden has two cherry trees.,be93f77390511a43e3a11b1ef4423c8c6faa713d21145761199da0e8ffa59722,f0c21c30cf304bb6a8ffee4c8fd1e8215660f24769bfe4c38f1650dc7105a521,pending,,,,,
廊下,ろうか,N5,corridor,77000,326719,「学園の廊下で、濃厚なキスシーン・・・聞いたぞ聞いたぞ」「濃厚じゃなーい！話に尾ひれ付いてるって・・・」,"""A passionate kiss scene in a school corridor ... I've heard all about it!"" ""It wasn't passionate! That's an exaggeration...""",abe4a3d21f345464bacd2d15f08d11db54e3bfc3718898c97de5a99953191174,f71f2457fe2df3ccc63bed06c8beec8046499079bbe0af47145f474454deca87,pending,,,,,
建物,たてもの,N5,building,234386,71762,あそこの建物が燃えているに違いない。,That building must be on fire.,0a5e8343cfd80076512271a96b4ae0c32b669992d710ae8b7ae2ec28978a3134,a882231ab7649fe53050e96238914b2ba9eac8184f10275953de4865a547046d,pending,,,,,
引く,ひく,N5,"to pull, to draw; subtract",226492,63837,カーテンがゆっくり引かれた。,The curtains were drawn slowly.,f6265f2efe630b2e0894f600cd96659e68e579f7fdd5cdd551f3e3a4d26b311e,ad14eb115c75ee699b543a77183ff7f794c6ae31e41e0067277e76e8d9058a7c,pending,,,,,
引く,ひく,N5,"to pull, to draw; subtract",234881,72258,ＡからＢまで線をひきなさい。,Draw a line from A to B.,1a04759edb25721cb4bb1727181d9110b3cd0f27ef53f1a3337dfd19e07d1058,d9facf73419dd878d93829dcdc368ffb6d580a91f9b1b61a2cfaa6cb97467496,pending,,,,,
引く,ひく,N5,"to pull, to draw; subtract",236097,73473,１０から２を引くと、８残る。,Two from ten leaves eight.,e80c8f542249929f0dee8d62a44c7aee096db680af1f3663060ead1cc4fee8f2,291d9a27a590151fd170beddabd1783a3073df764744869fa86b0676176d2677,pending,,,,,
弟,おとうと,N5,younger brother,106259,297428,彼は私と弟を取り違えた。,He mistook me for my younger brother.,4226c6147d168efcdd06b54a410ac291a436f5950055dfc26699e52ff3c70d1a,7a0af329258bbf00b42bed17370222097e2089942edd3626da08de5099f14ff8,pending,,,,,
弱い,よわい,N5,weak,204593,41834,それを言われると弱いなあ。,That sure puts me on the spot.,23d6ab8b6e311603735edc6dbdb805b773c2846c74fb3eb830e24305b236d56a,ab2b37be2ad922d8abf83e8a8148abdb3f4a725b80b315bea15b4bf2f30aa38b,pending,,,,,
強い,つよい,N5,"strong, powerful",146313,268249,象というものは強い動物である。,An elephant is a strong animal.,3e208246954c5dae61f96bec3f7fa7441e50e20bff6c363eae12e842e2fc4a53,9e609b5d9a3ac6450e64568b2185afe7661453dabb42aa743cc765ba2249cb0d,pending,,,,,
強い,つよい,N5,"strong, powerful",207720,44974,その釣り人は釣り糸に強い引きを感じた。,The angler felt a strong tug on the line.,f0c9486c76cf8686e794534fd40de750d7a09ef818d2be5402ed09d010884505,d1d74b381e1b36fe5a4e11623ea05007700cf1f435cb82725b0bf8fdbe602453,pending,,,,,
強い,つよい,N5,"strong, powerful",220072,57391,この布地は洗濯に強い。,This material will stand up to lots of washings.,fa35ae359950b3ae646645ed243305dfed45b68052a5caf8d3e6600b79bdb862,e8b96c0fd56a48e06b93f99151ea55b136fe45dc09d3880248cf17c025261e9d,pending,,,,,
弾く,ひく,N5,to play (a string instrument or piano),203238,40474,誰かがピアノを弾いている。,Somebody is playing the piano.,b61d0b07337e01004e25684bfe1c182afb8f7f0e8d508b87a86c74d191800771,1c793de6a911795bb2690912a360cbd39cd3eb131d6a771cc6166890c898b79e,pending,,,,,
待つ,まつ,N5,to wait,216089,53390,しばらく電話を切らずにお待ちください。,Please hold the line a moment.,31f8cb23216b8f46bf953d230030c40794f62a275b24f8f387f5619dce0e2d42,02bac57f8a6e34bb5f08f3dc51f30ad85201d07235cd816974d6dae79b9df37d,pending,,,,,
後,あと,N5,afterwards (later); in the future; the rest; since then,146735,267826,少女たちのうち一人が後に残された。,One of the girls was left behind.,5482c0bc76d55e2c7b3c6bad2b31a6a358e830fb329367b1a6ded569d202dc7e,002447371ac7edfac3f29618c4395d2edaa47d2bc367117681366502bf55f0d8,pending,,,,,
後,あと,N5,afterwards (later); in the future; the rest; since then,189518,26670,雨天の後には晴天が来る。,After rain comes fair weather.,c33f5696f426982e05ef7b2461e7cc210fc2b23b6a54aaefca561ed9c80cf8b9,c12a327d0d5561b2a7c60b85cbdc18f3d519f4156306948e97036cdcd53bbd55,pending,,,,,
後,あと,N5,afterwards (later); in the future; the rest; since then,234318,71693,あと２通手紙を書かなくてはならない。,I have another two letters to write.,1e3c1dced8218ad7bd27b1adf016e36478bb4784922d20ca71d41dcf604dcbd4,52ef3b4dce250510e2dcd2160103bfa12b42d48880f92f66b4179f1e4b94f240,pending,,,,,
後ろ,うしろ,N5,"back, behind, rear",174304,240165,後ろを刈り上げてください。,I want it tapered in the back.,26ed5ef22af2a921b93bddede6d79f1dc0aed29a92a87675dd562739187f161b,1076acef6d13a49bb84011a6690396c9ca6682d399ce1f50bb5e4bc9138ea5b5,pending,,,,,
忙しい,いそがしい,N5,"busy (people, days)",234633,72009,あいつはのらりくらりの仕事にお忙しい事だ。,He is busy loafing on the job.,cea3db12ca7ba471793d2ef164b42fd93080629d9a7708fbd411005395dfe35b,5cc0aa26ac9f5ce2a13f899dbd052cfc24c695c1735db9fe5f5bfdf40418840c,pending,,,,,
悪い,わるい,N5,"bad, sinful; inferior",74724,328994,これは悪い話ではないでしょう？,"This isn't an unappealing proposition, is it?",a2c7d0f6304790c8f2e168c23dcc5271df0ec5852775ca46db0113897d959ec0,73b1d9da27f1c5d848acf5d9371db796b6c94816b0d1aa0c48f7500f66f6c16f,pending,,,,,
悪い,わるい,N5,"bad, sinful; inferior",191502,28665,悪いけどお豆腐買ってきてくれない？,"I really shouldn't ask, but could you go get some tofu for me?",252b0d4e6df87b1ac0de17eea42cb92faa017a52f6ecd3b653c78b0d02e11bd6,6f007658aad25ccffb8507ef4629ff79817d9d9a74a073d441827f4a5deb7354,pending,,,,,
悪い,わるい,N5,"bad, sinful; inferior",7895904,7895906,建物は落書きだらけで見た目が悪い。,The graffiti-covered building is ugly to look at.,54c42e28bd7e14bd5b9ddfec5f367006838383c6a53ac5d58ccd9c0c18b18ed8,9d227da1715dddff88070f2aa5b7a03a436928b35ee34c02b79e808451300d9f,pending,,,,,
意味,いみ,N5,"meaning, significance",210824,48094,その語にはいくつかの意味がある。,The word has several meanings.,b88cc026b02a04f231abfbee5caef9e25abaabaff6215ae52cc4d8c157393091,a5fa3c272b50f0c2caa381aca36e477ab00d85424136d64cfcd40da71359b6ea,pending,,,,,
戸,と,N5,door (Japanese style),137092,276144,誰かが戸をやかましくノックしている。,Someone is knocking loudly at the door.,0c303cbe616165bfa68f76b5e444613e84b1202ecd915e4867edf03c25f5d2e0,e1b96dda16889bab6b1deb9899ea2d0edc39de37fa940e7b567b50ed421627fe,pending,,,,,
所,ところ,N5,place,4988,1584,驚かない所をみると知ってたのね。,"Seeing that you're not surprised, I think you must have known.",47d236c77e11636a569ceab7319e81afa57fe07fb15591cb588b50bf6cfa0fc5,ab755fb56f51ea65fd1189eab3a664cb9afbfe326cfcaa2ddfd1c9525bc472b5,pending,,,,,
所,ところ,N5,place,227690,65043,おじを見送りに駅に行ってきたところだ。,I have been to the station to see my uncle off.,5e1549de868b913e8e36d0cceef5e534034d40e6540a5ddf40eb5c3ff82239da,f186fbad4c47c3db0ef3c7c8f3a718bc85667983e8db9329c1a41362768da528,pending,,,,,
所,ところ,N5,place,234348,71722,あっ、いけない！忘れるところだった！,"Oh, no! I almost forgot!",a04e7016e0e8701f12c2d6ec6e1287e621c79c3ed4f0db7834ccb7e8e9eb6f65,2af3b26622e8dacf477263ad63a1e97c57f294cdef8dd5ba72fe3158520a04f3,pending,,,,,
手,て,N5,hand,81644,322063,本は現在誰の手にも入る。,Books are now within the reach of everybody.,e792018f4d83453049de8e11d75bcefd79c529865ffd97f05792bf0f39a99514,ced9683894c73da944b4c84780d9820e27346445cc92c2f9e1c47fd4e33be172,pending,,,,,
手,て,N5,hand,229349,66708,いい手を思いついた。,I hit upon a good idea.,b35585eb507c727e92775fe694dd532a84f0f1108f31a00fe0785823e5d012cd,62ea336da1331dcfdc94d6ebd53dff5cda9e405afa0fd7c446a61cf79cd4dd50,pending,,,,,
手,て,N5,hand,229352,66709,いい手が配られた。,I was dealt a good hand.,57b0b2ffc306de916ed65b21dbf41caf69ee7e67e1da393325ab49e7c09d365f,31fecd5bc47def824a6f453096e2b2395a7958796b750dd83b820053365e61df,pending,,,,,
手紙,てがみ,N5,letter,224512,61847,ここにあなたあての手紙が何通かあります。,Here are some letters for you.,59f9040cd83e0bf0b5bae1a332ae23c0e8a275de2cb00021ad59ff22092125d1,8c3cd6be493541c8b339477c275943493f373c03c02354b4e50c44c591827d37,pending,,,,,
押す,おす,N5,"to push, to press, to stamp (e.g., a passport)",207225,44476,その箱には製造者の証印が押してある。,The box bears the stamp of the manufacturer.,59c3f6ed7375504aa5d2f03877856d90300d1ef0c84750dfe4ca55a63a53fb69,4ce8fd3f92bb77e6495f50487d7d9fa2a4bc1fb6750910815a3531fdb01028b0,pending,,,,,
押す,おす,N5,"to push, to press, to stamp (e.g., a passport)",215785,53086,シャッターを押してくれますか。,Could you press this button?,ed9bf98d5a2ec917c59e932deba90fd1661b1703551f8afa054c4cce76fcf01e,2d2ef7d867a4a4a3a3e2d9d0a749906ac8cfc80ee835ecfd5b1b7e22ef7195d5,pending,,,,,
持つ,もつ,N5,"to hold, to carry; to possess",165575,248930,私たちは数回会合を持った。,We've had several meetings.,cf8f47cdb26e95d57af5d44f3e8d867235852714d04dfb067b9f1188f787aa31,1042d006a06e852387ce3fd4c4711471b32d387e03ebb51459e7bdd73fe1088d,pending,,,,,
持つ,もつ,N5,"to hold, to carry; to possess",224958,62293,コートを持ちましょうか。,Shall I carry your coat?,5a55edd8f977c6dc24ea92b365491dfbc2294a9594611191befe3b6044caa08f,9c76f8a1982393f968743f111b830ddc453857d4d1ca8ff8167bfd3d229441c6,pending,,,,,
持つ,もつ,N5,"to hold, to carry; to possess",234891,72266,ＡＢＣ海外旅行障害保険を持っています。,I'm a holder of ABC Travel Insurance.,a2f1635eab93b238c7c3f75d337f6c1add45224f4a1f335c5a22d8cb27dc19cd,94e43192e03980b8228b1d3425fb3d58584213280670a312e8fc6c95a0ba946d,pending,,,,,
掃除,そうじ (する),N5,"cleaning, sweeping",233037,70407,あなたの部屋を掃除しましたか。,Did you clean your room?,d444d46a351373aba58806d95c81fce82908b6c3d3942b972962f565c65479f7,8e26b34f93281d76becf482e4b8bd8cae3ab5b72f67bd460c348bb111fbdca8c,pending,,,,,
授業,じゅぎょう,N5,a class (of school),205089,42331,それは授業の終わりだった。,That was the end of the class.,e65d59b22b87a89336375efd017f06af11b47bf3de386223f227405fffa8d23b,5216f7b9f02998ec07191504477f964ade7f4ffa4c247ba10d01e3880fca5017,pending,,,,,
掛ける,かける,N5,"to put on (e.g., glasses); to hang (e.g., on a wall)",235225,72604,４掛ける２は８だ。,Four multiplied by two is eight.,454e9e87dc3a6f6bcab29dec23bfb1f8c6c37f328684a5904f4ac80bd63e99f2,aa29b4b7df1a9f6a74136374f78d5beea6eae89cdb64f0734fc8a375b3b287ab,pending,,,,,
掛ける,かける,N5,"to put on (e.g., glasses); to hang (e.g., on a wall)",236074,73454,１０円で電話がかけられますか。,Can I make a phone call for ten yen?,fc2f0d059e91ec1b1885d01e52779520444cb77c2b1c9369c6d24a2bcbd3d072,d9d2212241dc66ed593ef42ad2b76d9dd5a4d376b2fbd0188d40f49c488387de,pending,,,,,
掛ける,かける,N5,"to put on (e.g., glasses); to hang (e.g., on a wall)",236991,38572,どうぞおかけ下さい。,Please have a seat.,d4fa6c0edca6d351040d20b67c1c7565e974273c08ff48fb42bb9edd524c9a6c,300b79bbaeb9421c8cee71d8d47ed7990969d440ec5ae9b3e4d88125543b3ce2,pending,,,,,
撮る,とる,N5,"to take (a photo), to make (a film)",218296,55609,これは私の妹を撮った写真です。,This is a picture of my sister.,b33035a01dc67915fd5d98fd813cfa975da8365c96e9b9978dcbc4d3f421f9f8,9ed74585a83e07674f635baaf90868c6e75974d7dcdc768ff633b09970bfa7db,pending,,,,,
撮る,とる,N5,"to take (a photo), to make (a film)",220153,57472,この番組、ビデオに録っておいて。,Will you record this program on video for me?,30b400284630849130e786afc8bd4c77343733ebefa02bffb4981c0c1623994f,2c7503261aad49da4edd0e392da4df0bf33db67ab8c511d22fb2ab979636bbff,pending,,,,,
教える,おしえる,N5,"to teach, to inform, to instruct",127003,277087,地下鉄へ行く道を教えていただけませんか。,Could you tell me how to get to the subway station?,2d96f91ee0a3b7dc1caeecbb53ff14bc169b28c189685d07c7c1e06925ac7183,39d0ae8a952e7cb80693d132f5299db23ac24219b08ea383ba555dd75eea1aff,pending,,,,,
教える,おしえる,N5,"to teach, to inform, to instruct",215583,52885,ジョーンズ先生が私たちに英会話を教えてくれます。,Mr Jones teaches us English conversation.,4a251af88c2057ddcf8f0089bd660b2e6ed752fbf0f9e41fcb2d1a19a52ec0d1,b20d11cc26c703eea340f68ab34ca97ac43c36146a77618c71736e2af9e9ed00,pending,,,,,
教室,きょうしつ,N5,classroom,180166,19027,教室は生徒でいっぱいだった。,The classroom was full of pupils.,e42aca53ccf4f69d80ab4f84ba1dd33758b0336558a9fcbacde9d1bec400b951,f057c40f5bc2a07113ccffd804e945287e0b511aa60e478ac61b254431a47814,pending,,,,,
教室,きょうしつ,N5,classroom,228037,65390,エアロビクス教室に一日入学したいのですが。,I'd like to try out the aerobics class for a day.,755dae44b35f5f157afbabc90a0a76d74cd62ee66a5c31faf2e2f9dfddb36bdd,b70c57ef7bde6b94bc972b682b743654ed6b6d40d5e40a6864642d602fd80859,pending,,,,,
教室,きょうしつ,N5,classroom,234825,72202,ＬＬ教室を使ってもよいですか。,May we use the language lab?,0a8476537c0f889c5b4008df63d51b2b7e7b407af4d0ee9b116a169f5ae1e102,8313bb546b2128236ea882431c214ccb0a9226357cba0b25665e3b43018f1a9d,pending,,,,,
散歩,さんぽ (する),N5,"walk, stroll",174014,240456,公園を散歩しましょう。,Let's take a walk in the park.,f9cc811159ff044081bee1df7f0362d1f0144945198f39df843aeb88dcf89a35,0ea42e9d0edcc57adc3a015cd7589daf40b8760c7833e6a58511e23fd95209e3,pending,,,,,
文章,ぶんしょう,N5,"sentence, text",116191,287478,彼の文章はとても主観的だ。,His writing is very subjective.,28cac1e47fe3c9ae6498d5929179c69c79f4a33e6ece2a5aa6cf9b81337d8f46,5135d772ea2046f1f4c08ed5ed038fa62023ca8c8d42956b0006678f9deb1908,pending,,,,,
文章,ぶんしょう,N5,"sentence, text",150227,264330,次の文章を日本語に直しなさい。,Put the following sentences into Japanese.,3b5ab5b145ebb0a46c0745632b2e6d684bb616313a5c6de7ccf9f7dcc3d37a6c,2f70d04381343c737d55a72531741cd35d9e4ff4616467f2dfd003c77976fb4f,pending,,,,,
料理,りょうり,N5,cooking; cuisine,74119,329601,良い所：様々なコンボで自由に敵を料理する楽しさ。,Good points: The pleasure of disposing of enemies with a variety of combos.,3265ef8a5df474023e4a0a2504585b6b6d7532e30e8d2655d9f94aad724737c9,ce6ff36d6ab3b0c9bd7ae5caad07820d8e539f147664ea3158636a7f0351f482,pending,,,,,
料理,りょうり,N5,cooking; cuisine,217962,55271,これらのりんごは料理用にもってこいだ。,These apples are good cookers.,05fa228950e1b89b6138652a8a242411de81181abdc5b9185267e639003d5a35,7072772f3ae20d7b5c79865295110e72a4594f2e1a7d6ebfdc43333ccdf6237e,pending,,,,,
新しい,あたらしい,N5,new,233175,70545,あなたの新しい車は調子よく動いていますか。,Is your new car behaving well?,6235ef0c96283a7aec55b414adaf876adcbb0cfa5c7a617bf24f397b00b31de6,30f6f24864b9829841b4c147f813c43a5071e15ade4a99d973e0e560cb09699f,pending,,,,,
新聞,しんぶん,N5,newspaper,215457,52759,ジョンのことが新聞に出ていた。,John was mentioned in the paper.,195c9a7052612eece4bde2b6fb41ea7fce287efc9d8e686a89812c239c932b8c,ebde827f6967850ebb110756c872c418ca0b80af18f8fffb63dbbb507daef5a7,pending,,,,,
方,かた,N5,-- honorific form for 人 (ひと) --; way of doing,209139,46400,その少年はカーブの投げ方を知っている。,The boy knows how to throw a curve.,f940b082a8916f9c8437b2ab34d9e1bbcad818addd89fd8e11a9ea9182318d0f,68c0d74bd4a7d00a22038b4a8b1955cf804a3baa8750917e42ab2b38851c13a3,pending,,,,,
方,かた,N5,-- honorific form for 人 (ひと) --; way of doing,225511,62847,グリーン夫人は、私の子供たちが歌を習っている方ですが、今度の日曜に独唱会を開く予定です。,"Mrs. Green, from whom my children have lessons in singing, is to have a recital next Sunday.",c4e332dc6813b100369efa48bdb5af3e2d1eb39109ac7634a05fd39d976e7b67,a4d0f6ce4c42a8074d88e4c5bf0945c4161296b5c86f12c08ccdca6cae0b7a77,pending,,,,,
旅行,りょこう,N5,"travel, trip",228596,65954,いつ旅行においでになりますか。,When will you go on a journey?,99d8abf1076110237b730573bbefed509bdb95059628ad27182c73dccd5a8880,45785e3191d8415e9e9516f0d82410c2b0e5d03293c67849ee81112b91c4b62a,pending,,,,,
日曜日,にちようび,N5,Sunday,207608,44861,その店は日曜日は閉まっている。,The shop is closed on Sundays.,85b49d85fcd7818e264666ceefcab2e5dec7e235975f14136ab5e272a089e501,04bb1695d2ebb75375b4ccfb7335bc1f1f11b92cb7fd9aff1ed174fdcf85e22b,pending,,,,,
早い,はやい,N5,early,168525,245966,子供は成長が早い。,Children grow very quickly.,7899ba65e808b89a3c1ea87d321071d40aaa07f666e18ebed73aa8a1a0cb6f5a,5ea73ba54a2351ba2fe8399e2f2b55ae40a42f332b486866eac441f9bcb1225d,pending,,,,,
早い,はやい,N5,early,171315,243162,今年は春の訪れが早かった。,Spring has come early this year.,67562f0107712a2a737796c98c7921cd870898a51768f10a3081c67c992dfc69,96f8ce260dbf115229307f30cffefa922d7017bc9657ec14222ed3cbbe135eaa,pending,,,,,
早い,はやい,N5,early,204590,41831,それを今論議するのはまだ早い。,It is premature to discuss it now.,b264f78517d476fcbc040665367265b58efb830236ecf7940395971f23b80ad1,13a762e390f4c6f6cc7650f2091a879e93fd3a33d78396e25700d4e04399f69f,pending,,,,,
明るい,あかるい,N5,bright (in reference to personality or weather); cheerful,75642,328076,君はなかなか地理に明るいな。,You're pretty good with the lay of the land.,55a80f3855639a531d67488deb78b971ad07b56fa3c757c0ad49cc0ddf4abe11,a9fde21e5ba7dc986dc8e682f3196d6eeb38683620b9f54646b506f5564496bb,pending,,,,,
明るい,あかるい,N5,bright (in reference to personality or weather); cheerful,80710,323005,明るい色が私たちの目を引いた。,The bright colors arrested our eyes.,c66934f050344c83b191e1e54224f407e9fe2d26401a406d8906a51593c57f79,09ab3f03a23f9d8a99cf3eccc9f0af521931edfcd04c0183a66e653f89820db9,pending,,,,,
明るい,あかるい,N5,bright (in reference to personality or weather); cheerful,203874,41115,ダイヤは明るく光った。,The diamond shone brightly.,2848cebf12308469303462408376a60c756f13e34f3441f3c42ac19e3b9fb654,4c7c412046bd4c3b425ac52b2fe81361a92c4ee87cfa7a5116405e8e4f143aff,pending,,,,,
明後日,あさって,N5,day after tomorrow,234491,71867,あさって彼にここへ来てもらうつもりです。,I will have him come here the day after tomorrow.,74b02fd48079ce590b0e04f8d58b12b9cb23030350c45abcc5eeb8b91127a11a,88404518cb573b9af47c919202aa883f75261d5f6a86ea1ae13389d32aac860c,pending,,,,,
明日,あした,N5,tomorrow,234469,71843,あしたは一日中ひまです。,I'll be free all day tomorrow.,44590adc07356ba4dc339d3c2fd6c49ef62cb7347d016c954dfdbba5979bd314,81b8d3d199906a5890e0d523b93acdd930683a3821acebef4b7d546c32885218,pending,,,,,
易しい,やさしい,N5,"easy, plain, simple",221812,59138,この仕事は決してやさしくない。,This work is by no means easy.,d7a5e59dfa7e0ce58b8949343e28f78935374774975e09ab4837aa027f36a99e,90b57538a92d6f0ce684002ed5b17e34c85509eeaa41934a9223d907f5f5c3af,pending,,,,,
映画,えいが,N5,"movie, film",212237,49519,その映画をもう一度見たいな。,I want to see the movie again.,2c00d1156a03a1d2b6cd43852f55ee97b089a744fbe2d7f3125062b19f26b9bc,7126f88f186f3505eef660b1fe67519b2c28ffb8a8b41ec917551c24ba402a74,pending,,,,,
映画館,えいがかん,N5,"movie theater, cinema",212218,49497,その映画館は人々でいっぱいだった。,The cinema was filled with people.,644afe0a715585610d3b9e6cccc900900ff126867869b9daf804d82483287da4,768de981482158a8c1d79809d23c1abbd5acca289c52ae938918be00f324c803,pending,,,,,
春,はる,N5,spring,138359,274876,多くの植物は春に花をつける。,Many plants bloom in the spring.,1df4045850ff770100cf38740ad574ffc29a5a84a85c17fc2c6b515d30b67f20,a9e8420e73fbe89b857446e575e8fa9c69c579b5a921df7806388060883e5f7c,pending,,,,,
昨夜,ゆうべ,N5,last night,169654,69373,昨夜はよく眠れましたか。,Did you have a good sleep last night?,44d55883c24402458c75b62a515b0cde2ae2e74cece54277779dfbfea0948804,14a5aae41956ba954108ce9eb8c9fa90379745595bb2c3e2cb02160f66d24b2a,pending,,,,,
昨日,きのう,N5,yesterday,169839,244647,昨日彼がぶらっと立ち寄った。,He dropped in on me yesterday.,e08b5f5259bc885c8bc619354a9b12f2f05be324a2c14b3e2a3213e49d497e39,c96021fe9491e187cbdbf2d71b2c0e951c5606bebc14addd1b53386458457504,pending,,,,,
昼,ひる,N5,"noon, daytime",155088,259451,私は昼も夜も彼女のことを考えている。,I think of her day and night.,352eb75123de9ac3376eeaa0bb9df9022cc45389d904926cbeac8a2a4c887582,c853922bc09cc1601ee4f2b58b63770b5fb76de5482753fcdac7c9201eb1e88a,pending,,,,,
昼,ひる,N5,"noon, daytime",155091,259448,昼はホットドッグを食べたんだ。,I ate a hot dog for lunch.,4462aa7f720ba41c964eeab8b8f31b1efe482a5205767c32f4acc001158b83e6,b8d9b64f1caeecf388ae4ea676360a2f63298139204c7ef9666860fb6dd0cee6,pending,,,,,
昼,ひる,N5,"noon, daytime",225117,62452,ケンは昼まで家にいるでしょう。,Ken will be at home until noon.,b4f07421fc75d98c633cac5796a6dd1b50b500dfe97d4890c285623f0c5767f0,61eab0fc8fe72c34ed6c8cee14678277443a9ef2f300d2e87b9666755e3488c7,pending,,,,,
時々,ときどき,N5,sometimes,216490,53794,ジェーンはときどき学校まで走っていく。,Jane sometimes runs to school.,46c994b21610d1118397fa06078f86d20e34289f924b6647fa99a1c6ff520b74,c1f9c56b18ef22785f49c2d7af01f85ec7791a53ac2c777b668d78cf0a9fb6ae,pending,,,,,
時計,とけい,N5,a watch; a clock,233246,17108,あなたの時計では何時ですか。,What time is it by your watch?,7cf046423a5eff0c2d10197cb23d39d58f3bee0fa9c369d443e43d82ab522e92,6c88a0991cc43e76d0865f6151da990d27adbb2ca9c7ee2f6a18c6cb566f1551,pending,,,,,
時間,じかん,N5,time,108276,295410,彼は勤勉な生徒だ。毎日３時間彼は勉強している。,He is a diligent student. He studies three hours every day.,877ddb4d299f852d0982e9b3d1f68f2606af62f3c2ae6dc21453d93d5a98ef92,e2acf746118ebe48ca429802156f59eeb4cad5c976900145d6957c169ce13e09,pending,,,,,
時間,じかん,N5,time,228889,66247,いつだって読書の時間は見つけられる。,We can always find time for reading.,8672b5496c5a566d8ec2f335806afe516ae14e8892cd6d651968be2723eb673d,4fa145651b9cc39908c40f5f27be362d8d96b7b125f2cdb8adcd86e392ff72d4,pending,,,,,
晩,ばん,N5,evening,225416,62753,グロリアは断然その晩のピカ一の歌手であった。,Gloria was easily the best singer of that evening.,a6a812eb50bf6ae7c1f024a0897a967b95783d6ce202c2cc77573219d98d9fb1,6583695b5463b8a37478be8ee0a95523d8e5ae5f8c7805632e66e584e3843811,pending,,,,,
晩御飯,ばんごはん,N5,"dinner, evening meal",82878,320838,母は晩御飯の支度で忙しい。,Mother is busy cooking the dinner.,39e9d7e81bb2504906b80693c11a13f2a4fbe9c4b27b3fa5b8cbc5edaba302e9,5d6f04d0845224b447122da6989eea24ac9ac4f396efc5c5da9d527b9d3e5580,pending,,,,,
晴れ,はれ,N5,clear (sunny) weather,207332,44584,その日は晴れだったので、私たちは泳ぎに行った。,"It was a fine day, so we went swimming.",148aba41253fc6f77a67455279ad241a470e8ddec0eef62c1e0ce46251a08365,1df3e3f5b10ae39dc22c4f09892f04df2aa2f7a64762e1bc20ef8313e4f760f4,pending,,,,,
晴れる,はれる,N5,to be sunny,115936,287733,彼の憂うつは彼女がキスをすると晴れた。,His depression came to an end when she kissed him.,df832fafda377632636d37f3888d224b6382d0b791835194440e9c6191ee5f2b,45ac7a449159c757df942c9d0f1953ee5bec36617d29b6afd8b3b497c42615ac,pending,,,,,
晴れる,はれる,N5,to be sunny,168222,246271,指輪を盗んだというトムの自白で女中の容疑は晴れた。,Tom's acknowledgement that he stole the ring cleared the maid of suspicion.,41d4690f1856288acd7c47c9daec0ad085d08cf6bf4291b619d114fc9ed4f9cc,4f6de5d7bce672af5946a3aad3ae376d619f222a5a7d1fea24405862e3c381ee,pending,,,,,
晴れる,はれる,N5,to be sunny,234451,71827,明日は晴れるだろう。,It will be fine tomorrow.,243ba5aa55cc9679f021379e77b5c2b557a99739bb2161f302fa8acc234c14c3,3ea7fc1cbd250143fa9c127ecf04bb3dd3f28604842e68c298bad6b1b5e4e74a,pending,,,,,
暇,ひま,N5,"free time, leisure",158002,256528,私は暇な時間に詩を書きます。,I write poems in my free time.,ca831bfd74b1084e23bedcc06ddf7ada4ea090367610cb3337250726a9aa9640,4c06079c7bb0849275ebfe273db93cae50fe9ba411e5a353adad8ee11a4435ba,pending,,,,,
暇,ひま,N5,"free time, leisure",169107,245380,仕事は楽で、暇がたくさんあります。,My job is easy and I have a lot of free time.,f5278748a39f07da4b2470543c89bca14acb401f48c853cdb3e7dcaf9f8ac5c9,c3662b8b74506e204721dc82e118dad3677b81ca209fd35cb83c5adc4bd8fc51,pending,,,,,
暇,ひま,N5,"free time, leisure",171215,243262,今晩暇かな？,Are you free tonight?,ad72ef2a37d13746176b7d4136562fc4f4075e497ef05a9b9e14dbdf8c5920c3,79779b14c1e7739f43326dfd1780b8ebab138ba5261d6a14678804c2cbf00d14,pending,,,,,
暑い,あつい,N5,"hot (in reference to weather), warm",222850,60181,この夏最高の暑さだ。,It is the hottest this summer.,69e914261b737423da01d3d56f5ea5f504ecda48a9f89b59f8525457911b6ac7,4ea8bf8c1d9165888f3ac865497143fdbb2dde3c2e76efbb4a5dbbd94f2ccc58,pending,,,,,
暖かい,あたたかい,N5,warm,88590,315117,彼女は心の温かい人なんです。,She has a kind heart.,b02f81578ac7ecd9a908c56fdb3ce88318d166250f33dbfdfe6250ee345e84a7,9a26563cdb50f5a6f3b1c8ec1aaa668d08f478cfb12bb0fb698d93f0d9b66e67,pending,,,,,
暖かい,あたたかい,N5,warm,203062,40297,だんだん暖かくなります。,It will get warmer and warmer.,c18c82d87fe757fd4efb1d175c2f4b3c3b167e272884b1b10075f7ac407ee1bd,75065096e11d1de72ae7cead99d1b599d2a6943ebc437b0848461ae87df9d4c2,pending,,,,,
暗い,くらい,N5,"dark, gloomy",234367,71743,あたりがもう暗くなっていることに気がついた。,I observed that it had already got dark.,79f3b08051d41cf52dc06e13d75170992cd86b2b02248258c63fd6d41ad60959,84030e3d7ad5084c7816059065f16b2256f7e16cb71818f7e0ae2c8209f1db44,pending,,,,,
曇り,くもり,N5,"cloudiness, cloudy weather",170138,244346,昨日、東京は曇りでしたか。,Was it cloudy in Tokyo yesterday?,f8bd9c3f460a9efbd8ec987dd3577a57ac47f6b9a518bf2fae92165a5d4b5bd0,de8387d2c412d0ff1eb9bbae797aae70c1e7de15e35f6449ef309305b2d69284,pending,,,,,
曇る,くもる,N5,"to become cloudy, to become dim",94554,309152,彼女の顔は心配で曇っている。,Her face was clouded with anxiety.,0496167e902baabc3878470093f841067632a0e451b3e894b80473a470ddfd18,b93d74a6505abc6b391ac828bbef0c96e240585cdc93c98944e20db73233bb68,pending,,,,,
曇る,くもる,N5,"to become cloudy, to become dim",123352,280646,突然、空が曇ってきた。,"All of a sudden, it became cloudy.",6b149cc8f85b6de729546cb353a0cef690d313836ae399cad6b47279b9e45c89,a63b97ba841da1ed873d604271bed88a797508cf8e63cebf77fdda57575691d0,pending,,,,,
曇る,くもる,N5,"to become cloudy, to become dim",171528,242947,今日は曇っている。,It is cloudy today.,e411f12414cc9208590961a3e524fe5e0b3658679d06e6beb07c6456eed9e75d,d180cdebc77b2fae84676e426ab881ce7eb0390e6c330a7385d1e239ec5f1181,pending,,,,,
書く,かく,N5,to write,224509,779486,ここにあなたの名前をかいてくれませんか。,Would you please write your name here?,5ccff1fe85f474d7e1c11c4fd747e7633a8d665127bd803c15021a869ce6d5cb,b0d420eaaa16045c4d6080a6ff1635005b1db4d7644766c93208798e20989788,pending,,,,,
月曜日,げつようび,N5,Monday,175596,238869,月曜日はいつも憂鬱だ。,I always feel blue on Mondays.,4dd8622e16d840e456d93aab171bdad907cb92415273d91b9ba534b3a15af542,d0b9f1009b6e448e1e1ec371d111adcbc3f34e37441b11963cca631660eaa623,pending,,,,,
有る,ある,N5,"to be, to have",4991,1587,失礼だが、上記の記事にある３つの誤りを指摘しておきたい。,Excuse me; allow me to point out three errors in the above article.,5b468163beb537722057e77221d5ab3faea8ca7cdc1141ae913c1116ffbb1c5f,680c71df9e7f8bf8776e77d86ead8464557de6b05ef4c2b21664d60817c853b1,pending,,,,,
有る,ある,N5,"to be, to have",191501,28664,悪いけどほかに用事があるの。,"I'm sorry, I have another engagement.",9373505d62e94dce5a7a9a3405c5a6244896fe13b7c4ba24a86f66e67eb926ab,487130a5d2f04d4182a395fe4f9ed461c1efbbf0e995f77b6ba8d35d6cbd62e8,pending,,,,,
有名,ゆうめい,N5,famous,218151,55463,これは芭蕉の非常に有名な俳句です。,This is a very famous haiku by Basho.,6210312b2807fe5b07c6baeed9f747238460a86582e5e371b9bd339bbc5a3859,58bec5256e29f8104e2a6f5f798e42ca3a8019deb215e5e92dc0aaae98524d78,pending,,,,,
服,ふく,N5,clothes,101399,302297,彼は濡れた服を火にあぶってかわかした。,He dried his wet clothes by the fire.,f440eb77bf921d79502eb610fd431925f36c87e14a5b20df64e842ca2c0cd388,07a7a4147e8afd24b2a3f23eeddd5fc8d60668124219b64d6985103405a053cb,pending,,,,,
朝,あさ,N5,morning,235070,72449,６月にしては寒い朝だ。,It is a cold morning for June.,f836363e2f9cbd9d0e846b04e1457c6fb47f879ca64241f378eaca0782473bef,039839613643a05cf2b9edabd2d78f71afa620cf468cba7bfdf3765bc76f5d2d,pending,,,,,
木,き,N5,"tree, wood, timber",206562,43810,その木には実がたわわになっていた。,The tree was heavy with fruit.,dcf62c4c08851005c794a26512be97b3000e829f6178f1a8853f22a80f61f014,d8e8584357235eaf57cd52605a19d2e229636e230455adc0bba8a820e4c6edfe,pending,,,,,
木曜日,もくようび,N5,Thursday,209437,46698,その週刊誌は木曜日に出る。,The weekly appears on Thursday.,64574a12d5cebce44b620974e532ae3d2274eb71a86b02574aa25353f520bba6,b0c4c0d770fbf10cc689333526d634e1816fbdc041d65f4015ee8bd27ff62733,pending,,,,,
本,ほん,N5,book,75963,327755,性能のよさとデザインの優美さが両々相まって本機種の声価を高めてきた。,The high performance and the elegant design of this model have combined to give it a high reputation.,51ec82df565199effb158545b245b5f8de456faf77cfc65314456b95deec1d8d,78928ec232af9d3235f5c0ae4280bec9c5b20cfdecc0fec5928667661eb827ef,pending,,,,,
本,ほん,N5,book,170005,244481,昨日はその本を８０ページまで読んだ。,I read the book up to page 80 yesterday.,ae2110e6e7b47e4e8bcc94952798bf456933814d12d10615f84dce701b02f0ea,4ae82146b272eb9de2def2ffd4e60de62253dcd39e563068753dd8800eac7213,pending,,,,,
本,ほん,N5,book,228339,65694,ウイスキーを１本持っています。,I have a bottle of whiskey.,62b0c07490f0d7c095cf38c4b64ff15bc235868dbcfa4e4c53474e2c10342dca,54900807c43f1d366d7eaa8f6145804ed14d3bed84f026984dfcb7a549dc5fac,pending,,,,,
本当,ほんとう,N5,"real, true",212401,49683,その悪い知らせは残念ながら本当だ。,The bad news is unfortunately true.,57485e78e9a6a074e5d2ae93d80d5604cf8e9eda4b373b90bf9859a91c507466,e09e3aad700b6e712cf5292bd7eaf604a4da46e78fdbd6fccee6af90a62612c9,pending,,,,,
本棚,ほんだな,N5,bookshelf,219478,56798,この本棚は組み立てが簡単です。,This bookcase is easy to assemble.,b3e4b63823bca52a0fff846680120022551b5143143c06737e6ce87d2c3d04f1,63a3d2e704e2384fc5eaa9930920ea04563c8fc835fd47dbd6cea12bbde163a5,pending,,,,,
机,つくえ,N5,desk,147976,266583,重荷で机がまた軋んだ。,The loaded desk groaned again.,a6daeb2c44c3e299bb5f0f95ea619940d31bc900a797c27e7f052d34f82e185f,3da58e1a39dbaefe9fd25fb2a407751f3456a305c5e32f72d1806562fa58f3b6,pending,,,,,
村,むら,N5,village,126109,277883,町は村よりも大きい。,Towns are larger than villages.,40f24c1d3048cb8a2316d5a53661b32a740a629c5dd6c4bce787a77bdd56997f,0188fdabcc43cab36b33bbb8d22f614bd961811e864f556beddf6c070442d428,pending,,,,,
来る,くる,N5,to come,162829,251684,私の父は私に、ぜひそこを見てくるようにといった。,My father insisted that I should go to see the place.,a653d336feb6ca72add8fb68c365d5347def58b02145f97fb7afaadc67e60d86,2e0314d8c09e1d59a1419ab62b9ef1dce62e649d6a9e596dd1645e4bf4351bd4,pending,,,,,
来る,くる,N5,to come,236043,73424,１０時までに来ます。,I'll come by 10.,81f7e8917a7c3d493490890fefadfef9fc4b647310c2472a8a6e560d22d04a5f,0b0b3ba3fc457d13b7f8710a175243c9ae52468041c3c2736765a7224f2cd81a,pending,,,,,
来年,らいねん,N5,next year,175548,238917,健は来年で１５歳になります。,Ken will be fifteen next year.,4ac7bf212c3ac77581fc310111a86edd1b0b62f28ae6de6e1ae6c240f0246dac,c98d612a5921c55a6bef07c75169fee26015eb0ef5e7199f90a1fa5c4dc7975d,pending,,,,,
来月,らいげつ,N5,next month,78680,325036,来月フランスの大統領が来日する予定だ。,The French president is to visit Japan next month.,9216fe772dcb0dbc9065eb3965014a208d6da3806d3774da36daa2964d9a8256,e28598899adb95e2fd638c18f5a8d50f88697e938a0db9515d1f4b3c22002522,pending,,,,,
来週,らいしゅう,N5,next week,191765,28927,来週ヨーロッパへ行くつもりなんです。,I'm going to Europe next week.,147008b486932380a897126434e5729f24efdaf6d4530ee2559f11e83425d5fc,fda28c46daa543f8364f62bf3f4f2f6f671b603e91782cb08157303dd06cfc75,pending,,,,,
東,ひがし,N5,east,80804,322911,名古屋は京都の東の方にある。,Nagoya is to the east of Kyoto.,4ea58fa599334d6430d1ecab34a2d81711a4a594f44c6f72c2207cf3165a795d,fbf409e800c791e6db3a68d2878b0b3177eba01412b9ca3e59f0d30af0d084f1,pending,,,,,
果物,くだもの,N5,fruit,109207,294482,彼は果物の他何も食べない。,He eats nothing else but fruit.,15d4548f419e0b7cf30dee21f17e9140f0fa2b6554ec3ebe225d9eeb42bd7ce9,c6116a1d9047627253fc349996b1ff66d1953f30b8824696fa0a4fc204d05b2c,pending,,,,,
椅子,いす,N5,chair,100635,303063,彼は必ず大統領の椅子につく人物だ。,He is a natural to win the Presidency.,bff688f7653364d261d4d8614bee41a1f9e1bf841beaf64a9c7c0c918c084cd6,2094e060ec5892140f6d503929a08e810484a680533bd0ab904636e589a805d2,pending,,,,,
椅子,いす,N5,chair,202860,40095,ちょっと椅子をずらしてくれない？,Could you move the chair a bit?,0a4d7324014c276e1783fa19c2512c194a046d22c7b8f53618bcda5b7db38a70,7ba6280bdaf334b7f1c5915a61682c8659a91f3d72515260eaf65fa99d780820,pending,,,,,
楽しい,たのしい,N5,"enjoyable, fun",233856,71230,あなたと一緒にいて楽しかった。,I really enjoyed your company.,0bf8ae8fc9f3e734d591afec703695a159b43ab5238481a56e910b4beb2275bf,81ef06fd5ffda659f56e85042694881528ec2f682ade3304d3d7a4e961e690ab,pending,,,,,
横,よこ,N5,beside; side; width,82787,320929,母親は赤ん坊をベッドに横にした。,The mother laid her baby on the bed.,6eb1122d22bd11a6670df38ab52b6233483c96d6c86cba9152b4f2e26815770e,059e24f212ac1c885e626a984d3f9f231578c8fdb33d8c2a5c9be011f467d6d0,pending,,,,,
横,よこ,N5,beside; side; width,187052,24189,家の横はつたで覆われていた。,The side of the house was covered with ivy.,f0ce231bcb855021546b4e134bd4a01700569d4f8abb8ac7596644bc590bf282,db6bab6fc210af0aee166d6880eb20d324a2277229f76ad2c548603896a44207,pending,,,,,
横,よこ,N5,beside; side; width,230726,68093,あの人は眼の横にほくろがある。,That person has a mole at the side of his eye.,bdf70f760773b9452d377344ca366056846f52586184ccaa314087c8cb83f807,25f35977aae024d0a58c1b688540735544860642edbf8e06f04d05a5cecd6bcd,pending,,,,,
橋,はし,N5,bridge,231083,68450,あの橋は大変美しい。,That bridge is very beautiful.,155dabaadc77bec5d80dd8280d4b6690c8f7742cdaf7790f1c0078dd98e48f6d,eb460941b0c6c2f2f67aa73ef307ebb8435ae426ea67329e4fdcfc8055b60d6e,pending,,,,,
次,つぎ,N5,next,221566,58890,この次来るときは、花を持ってきてあげよう。,"Next time I come, I'll bring you some flowers.",a5a0c97cf89c09809a4dfa576940022fd209ea5dd6f5cdd94f5f8f558599c88a,b003e259366065c291bac158b6d461950a5481bad93cc4f9569ff2a2b250ce66,pending,,,,,
欲しい,ほしい,N5,"to want, in need of",158234,256296,私は鉛筆をけずるナイフがほしい。,I want a knife to sharpen my pencil with.,0c2aa0a379653dad9fbf03e101fd08a973daad071c93df9719b32fea205a1a9b,5603bbe7d7e197ea97cc75d89adb8a38fa0a6121dd5e089703a81145f02d1ed8,pending,,,,,
欲しい,ほしい,N5,"to want, in need of",221204,58527,この書類をそれぞれ２部ずつコピーしてほしいんだが。,I'd like two copies of each of these documents.,be7707bafebae16de8b7d62c0aed386fffab344efb42bec93ba53ab46509ef68,73810c331523efd2c8ce27f002c79cd9e8fd5112d39d529bf3f76509c18ab8af,pending,,,,,
歌,うた,N5,a song,222762,60092,この歌を聞くと私はいつも、学生時代を思い出す。,"Whenever I hear this song, I am reminded of my school days.",6935e04d28bc1f6921cfb84a9d1d5749c8941381da32c0fdb9d2b2dd33c00403,08c63410882c8f80c18bfc10b079b3c04e7d3ff1b9947069aa87047cc276e7c0,pending,,,,,
歌う,うたう,N5,to sing,215403,52704,ジョンはステージで何を歌いましたか。,What did John sing on the stage?,3a1fa9d66370139bc4f2be5486022ee15fd2d8d5a81cee4b981ad7201c79aad1,e46ef54ff34e35f65f6ccdb123ec3286c221bed11eda4a5938ee708a0110bda3,pending,,,,,
止まる,とまる,N5,to come to a halt,148045,266514,十分な情報を受け取ることができなかったという理由も一部にはあって、ハーパーの描写は不完全なものにとどまっている。,"Partly because he could not receive enough information, Harper's description remains imperfect.",167ede2b1afc93800ed0a91099bc83fc6a5232bfc2cfc61ec493956d80a45751,8efd2aa99847d4e31837015f6bcfc33e3c62a266c742e7810f7468f127725e74,pending,,,,,
止まる,とまる,N5,to come to a halt,213534,50820,そして、電車はキーッという音を立てて止まった。,"Then, the train screeched to a halt.",01d7df127baf645ee4d4be51c4765173b80d54879d5c4a320a6c7fe885379f01,a91d6944778162ab5d82fb0b2766468c843e80729cf0454a3a3e7c14c76afe2e,pending,,,,,
止まる,とまる,N5,to come to a halt,230433,67800,あの木の枝に数羽の鳥がとまっている。,Some birds are sitting on the branch of that tree.,383ed636ff570170f263ef4bcaf7404904d95f1682e96a128b61c6bf8debec81,9af31af0eb53454426450fb3bec62bdf9e37e52b48abef7a4cb9122b74dbaf20,pending,,,,,
歩く,あるく,N5,to walk,231584,68951,歩いて行きますか？それともバスで行きますか？,Will you go on foot or by bus?,8ad6138b13a334ebc4dc6a342d94430e890fec8b2696dda83028fb1b57dafa13,813d1be9d444e9ebe48bc64a47b17d7da37837fbdbaf8ed6341cf73c8420f39c,pending,,,,,
歯,は,N5,tooth,208598,45857,その赤ちゃんは歯が生えはじめている。,The baby is cutting his teeth.,adab03ee2150ef5647df155bd4f7eaf636e66245e0920037bdcae2e989237ec6,91cb0c800459e6978c514fd2971efba8458c6721c9aad142ed4f807cd59479cf,pending,,,,,
死ぬ,しぬ,N5,to die,209091,46351,その少年は死んだものとしてあきらめられた。,The boy was given up for dead.,a3fd8f8c2fb0e59630d835d2d93bc5e3fb96e3e16885ea2366a5b42fcdc75298,37672a26ba94887277283c2c06f4d2e749091cde3b862e2e290653f5fc315999,pending,,,,,
段々,だんだん,N5,"gradually, by degrees",203062,40297,だんだん暖かくなります。,It will get warmer and warmer.,c18c82d87fe757fd4efb1d175c2f4b3c3b167e272884b1b10075f7ac407ee1bd,75065096e11d1de72ae7cead99d1b599d2a6943ebc437b0848461ae87df9d4c2,pending,,,,,
母,はは,N5,(my) mother,202099,39311,でもさ、母を連れて行かなくてはいけないんだ。,"But, I have to take my mother.",bc3010e5bb9349b6c2076da32fc97c6a59380088c14b0cd4ac4ef93ce6917f8e,2e4333c657674f96fcba04c2ba29b8aa20d07d088bc067d3a975753342a1fb46,pending,,,,,
毎年,まいねん; まいとし,N5,"every year, yearly, annually",99770,303927,彼は毎年軽井沢へ行く。,He goes to Karuizawa every year.,1daffb193b4bd75cf57380b627681675143fdcb5239b0c2ab1e65652fa229512,82b18a0afd8499244478d9575d3221681be3dde0c67e61b94244114463c02e28,pending,,,,,
毎日,まいにち,N5,every day,211013,48285,その犬に毎日食べ物をやって下さい。,Please feed the dog every day.,fb58fd392a3a41c696a1e7428a6af7e4d10d979b9715406cd5d74b843ca509eb,1fec9549898573885002041bbb3907532fe218a2993d474b7b3c27506795d29c,pending,,,,,
毎晩,まいばん,N5,every night,152681,261868,私は毎晩家にいます。,I am at home every evening.,530fcec92454c75e362ee46b7c5554319e740d6b788ff3385c289d6b210d316f,0ecdad75d02c6c77832fa3f2771c61f7600cf36ca2341d455cda390ba95ba9f9,pending,,,,,
毎月,まいげつ; まいつき,N5,"every month, monthly",152325,262225,私は両親には必ず毎月手紙を書きます。,I never fail to write to my parents every month.,c589c1fd7b6ebbeb20e39de392af524be598ed948bdac06b93d1d2207ddc76f0,9eaeee4fafbcc48c5c6aef26654d32af459148cf43c4296083e6f7e50cecb267,pending,,,,,
毎朝,まいあさ,N5,every morning,152733,261797,私は毎朝六時に起きます。,I get up at six every morning.,9e5174f786c5d930129efc3904f42489be416b1cf8a589abc21bb82d8d1eba01,63f22400d7f4bae2fc6be6a9354ff0e4ef810aebfbf784e668f7693638b491ae,pending,,,,,
毎週,まいしゅう,N5,every week,96141,307564,彼らは毎週日曜日に教会へ行く。,They go to church every Sunday.,1b3e4e03dd2247042585fb2550c81b45ce7459eb62fce041471d4e63f24f3203,e2e4ddbb64d59dfa37623b744c50002cd8f5d740e5e70adbfe5abdafaefaa753,pending,,,,,
水,みず,N5,water,143709,270857,水を加えてペースト状になるまでかき回しなさい。,Add water and stir to a paste.,59166822e880c172496c7382f85bdbe5b028ff63c44722d099691b58e86671b2,192b5a2ec78343c34cacb0482a92d8391bbd8b18656394faebc7a7a96a8669da,pending,,,,,
水曜日,すいようび,N5,Wednesday,204003,41245,ダービー競馬の日は２週間後の水曜日だ。,Derby Day is Wednesday fortnight.,fd11cbfabcab45d6abf41731d2338745f2109532da852e52599a2a6d9916dc84,6c542539220f761555d741f8b30a3fc7e55607deeed9ed31f93eca4e487d6cb0,pending,,,,,
汚い,きたない,N5,"dirty, unclean, filthy",215815,53116,ジャックは私に汚いいたずらをした。,Jack played a dirty trick on me.,1c275c22b58379df8358531e37471825cf3c214b9153b4a1dc4333b87b141f2e,2a0f7932eb012c7fcc0740283077572eca6d9f4c18be06db02fd9277926cba2f,pending,,,,,
池,いけ,N5,pond,220757,58079,この前の夏にこの池は水がなくなりました。,The pond dried up last summer.,59473fdd4ef51e8331408d9c06682962bb089db3d9f83b0cf7ed94b253411f05,3a51e31fc3b0637e68bdd28631cb7067099c7836eb6c93f85cecb3da4e8be24e,pending,,,,,
沢山,たくさん,N5,"many, much",226723,64067,お父さんは煙草の煙でたくさん輪を作れる。,Dad can blow many smoke rings.,b74a6f5a657882c2306b6f5651bdcaf03c5f9898c5042e0e1cc3bfbb281bac60,80de03cfc79f44d94617558c25448ba6423965d294f401d1941143fa8da01e55,pending,,,,,
泳ぐ,およぐ,N5,to swim,160923,253595,この湖で泳ぐのは危険だと思うんだ。,I think it is dangerous to swim in the lake.,37576e30e4d99dd7ebd6e5eb1b911f4f40932de891ffab2bebb20e9fbbef7e5e,6e2b59d30a7eb8350241c8331353a8e4bdadda884107d7f51e8e5c190966bd01,pending,,,,,
洋服,ようふく,N5,Western-style clothes,226963,64311,お前に新しい洋服を作ってあげよう。,I will make a new suit for you.,f78838b2dd70c844632ddcdd28c69a34a9d0b6992525da1c02ea9935214408ef,deba050bca836919b9cf90ef849fb19a4e2deac7b09bcf693e3774a9f6ce7fb1,pending,,,,,
洗う,あらう,N5,to wash,212725,50008,そのバッグを洗うときは洗濯機に入れないでください。,"When you wash the bag, please do not put it in the washing machine.",f6cdd0391a08a2bac0a00adc6b1b9f178fdac92cfaae63f73878184df8b0d0fc,97bd9b004600c8cfdfebe9cc51b8a95cde9d42f561296c3eb2b7ff48985b2e0b,pending,,,,,
洗濯,せんたく,N5,"washing, laundry",219459,56779,この綿のシャツは洗濯がよく効く。,This cotton shirt washes well.,5a647816fc181a1479e925cfbc0c9c7a02a01a7fec998aae3b9605fbea9524bb,f415617a47191e36fcf8b88a4f6aba559fc328d77a2db840220166267114ebdd,pending,,,,,
浴びる,あびる,N5,"to bathe, to shower",188430,25573,屋根は日を浴びて輝いている。,The roof is shining in the sun.,1e5f62f4eeba8af6293e8a2d9b8b6a7b01c31e7a9cde6a63eedf63de1146f740,2c285eccec25eba9916897d5ffab2d9b62b021d28d81b89adbf514f808e002eb,pending,,,,,
海,うみ,N5,"sea, beach",187770,24909,何としても海をひと目みたいものだ。,I ache for a sight of the sea.,90cc2aee371f6bfbf5dd1b6881e27484906038c2f16a8f19044f3470552404f9,15dd4f1d61310ddc188e2e19ed55b537e17c60f34aec801c5df183e11c96ddd4,pending,,,,,
消える,きえる,N5,"to vanish, to disappear",78252,325465,流行は古くなって消えていく。,Fashions grow old and die.,9a1fc094abbfcc7e59776917996aa1a1217fc0f84d3c0f8942c1f266be495574,e9ff12e4019c683624c3cca264a801be84d9a121f0f202ab1f730f57862ab7bb,pending,,,,,
消える,きえる,N5,"to vanish, to disappear",123340,37898,突然、明かりが消えた。,All at once the lights went out.,20097a4644cae846a72bf0b24088cb649985e372764361b193a4d2b9b4826339,922c697450d61c1b385f0ac7f2fd505e0457b89b4d4fa196329d09b267399c2f,pending,,,,,
消える,きえる,N5,"to vanish, to disappear",212151,49429,その音楽の音はしだいに消えていった。,The music faded away.,22fe78b2c4d5144b51ff8a8e584251a49530494e6c6b4c56e0de32ae9b8a6ba2,d9b9adbf274e015d0186caabdb63fa9191d34bc66419bf39c51d544a398ef4ab,pending,,,,,
消す,けす,N5,"to erase, to delete, to turn off power",145648,268914,寝る前に電気を消してください。,Turn off the light before you go to bed.,37b05df9e52c743420dfdeaf955dea0816a2339ffba7645664f32b532dca0e6d,01c489f117d389fb32b8284f9cd229c33ef519ed7ff0c6b05e5d05ae1a855524,pending,,,,,
消す,けす,N5,"to erase, to delete, to turn off power",146404,268158,消防士たちはすばやく火事を消した。,The firemen quickly extinguished the blaze.,3d80c472a0bb16fbaef9983cc1225a525815358b6ef88e4b09e5b26861fae04e,611564be9860b24691ed5bc68cc6ac6eb3b2fdc9f1dff07cdf9a91fc82e3ae68,pending,,,,,
消す,けす,N5,"to erase, to delete, to turn off power",161232,253286,私はお前を消せと命令されている。,I have orders to waste you.,5ddbb7566cf9b58f02b2bc386ab62a8c8090a6d4fca74db79bb08cf3eefc6f67,126ad9628e3528f2b976431ee09b187a7074c62e5d8fd8062ff53bb3b9e34cea,pending,,,,,
涼しい,すずしい,N5,"cool, refreshing (in reference to weather)",122850,281152,日増しに涼しくなっていく。,It's getting cooler day by day.,57574b459589a18c256a64aa32442fa31a0190d4f3a12cbf22526ce44d4fe7a6,aebe91e5fa9568d2b2e89dcdb0f42d573e63b5d5f98989bcfb4d5cc8b42bb7ed,pending,,,,,
渡す,わたす,N5,to hand (something) over (v.t.); to get across,191764,28926,わたしを向こう側へわたしてください。,Please take me over to the other side.,43ef6781974bfa9c5c36177a06891d0891cf3402720233b662039874ff697abf,afb1f62bc5834563bb773758e6fac38c872ef009de9356fc421ce96f46d83601,pending,,,,,
渡す,わたす,N5,to hand (something) over (v.t.); to get across,192496,29660,走者がリレーでバトンを渡さなければなりません。,A runner must pass the baton in a relay race.,894d726b7b214d34c89071f74c24a2e3bcf23f24ee803c27f2b04ba07da1a6aa,21918dd2e0714f024dfe80efaef600da5d057bd6c273827a0d4e2d7563394906,pending,,,,,
渡す,わたす,N5,to hand (something) over (v.t.); to get across,205820,43067,それじゃあこのメモを渡してください。緊急です。,"Then, please give him this note. This is urgent.",7e0bcbfbb94dab894cbaf74203ada95c1d27cc66aaa732c45a6a1db579154e5d,443682986b16b9af230da24bcbd0b8243ae9bd8e43aad9e270ecda0ea4912bec,pending,,,,,
渡る,わたる,N5,"to cross over, to go across",180123,18983,橋は安全です。車でわたれます。,The bridge is safe; you can drive across.,2db7020d58df0b238aa63aca37bc6297e9392ce761d5ae0439702efda083e904,54c11f4aaffc82dad5b8aadfc51aea607c6f3d3895ca2678a6154a7809227806,pending,,,,,
渡る,わたる,N5,"to cross over, to go across",222402,59729,この儀式は幾世代にもわたって伝わってきた。,This ceremony has been handed down from generation to generation.,247f1f491eed23add939649ffcdfc093e55fc27dab73096364be29aeadd553e0,14e8984eea769b53045f43e4b218fe2c28deab87472a1a4a4e5d70bb85999252,pending,,,,,
温い,ぬるい,N5,lukewarm,223801,61137,このコーヒーはぬるいです。,This coffee is not hot enough.,94a7b18e3c0959b5991acd81ba4b53e1b200c913ebccbfe164f8a1fa5c98c310,aae74f0e305599ee3651f68df027ab464dc2d39de527db9bbf799536a7d6137f,pending,,,,,
漢字,かんじ,N5,kanji; Chinese character,76263,327457,漢字を書くときは点やはらいに気をつけて、なるべく早くていねいに書きましょう。,"When drawing kanji be careful of dots and sweeps, write as carefully and quickly as possible.",ae4c22e1d7f16ab80b02c155cdca013a56b83f09d2a3bbbae0ba821a14c15736,3a86d9c40fec08f2a3743249399f06b15ca48eab1c742d1029875b67df962421,pending,,,,,
火曜日,かようび,N5,Tuesday,186646,23782,火曜日に国会が開かれる。,The Diet will meet on Tuesday.,0bac61aea8078c8ce9b997ef69baeca6bd00f3d5e99349fa039d6c86cb80434a,d9c9f6fdd681763a48a54831ed73efd2ed78e90fdb0205164df04b560bc6bfa8,pending,,,,,
灰皿,はいざら,N5,ashtray,211587,48863,その缶は灰皿の代わりになる。,The can will do for an ashtray.,538713bbc8185569770f6ca404c55fceda819ea3d5574f13433781e0d38d786d,eedd15daee6969f428a124bc30f09204c14b9299afabd9833d481e84fe4d7efc,pending,,,,,
無くす,なくす,N5,to lose something,88562,315145,彼女は新しい時計をなくした。,She lost her new watch.,bd62ad1bdc553c80568631e9a5af44a16216801106771ea099880ff51ba87331,91f3aa867ef3de0a2aeccf4fe2ebe340b2543cb72b3e3e66807cf1e611860f62,pending,,,,,
無くす,なくす,N5,to lose something,210631,47901,その国の財政の赤字をなくすには、もっと、たくさんの外国の援助を注ぎ込まなければならなかった。,"To get the nation's economy out of the red, more foreign aid had to be pumped in.",f5a693d6843da995bbc6d73ed68572d3cb4bd583fa8dc7374538cda0682acd14,1fd2439848b4523109584b2671f257be99db3f225605a7465d40bdfebfe55d7c,pending,,,,,
熱い,あつい,N5,hot (objects),215035,52330,スープは熱いうちに召し上がって下さい。,Eat your soup while it is hot.,95dea57295e97594bef3ed30fba9e5443dcb919c315dc07f5c097647b7691e99,07a76866142162b7d5178d12a0a20946538dc61cb8d597de33cb6da664cf8ad8,pending,,,,,
父,ちち,N5,(my) father,97798,305906,彼らはチョーサーを英詩の父と呼んだ。,They referred to Chaucer as the father of English poetry.,50ba5b5990f780d57c0faee1f8537efcb6f1729dbad4730cdd80d1754c691252,948876de0ae4a60400cd5d4d89ea54d71f49950b765d18b15d9ba493bb99269d,pending,,,,,
父,ちち,N5,(my) father,107602,296083,彼は現代人類学の父として熱烈な支持を受けている。,He is hailed as the father of modern anthropology.,9b9e0d300cfa0bd1fb29846b809d7ac57e94262a7620c43d58395cf628961527,ccb923cb39cf88549855b0371b5487b41437a8862b99338785c689457b87b41d,pending,,,,,
父,ちち,N5,(my) father,162800,251713,私の父は大の旅行好きです。,My father is a great traveler.,cee78c4753227e29c508280ca8e9eff6db309be839e1f716b04e626f34587efc,399fa7d2963740cbee5f3e9295796468f642a145afa42a9cb3ee3f45e780dff2,pending,,,,,
牛乳,ぎゅうにゅう,N5,milk,182323,19502,牛は我々に牛乳を与えてくれる。,The cow supplies us with milk.,3c490c21347767b22cae7ab9738b81b33ee8575e7a1b3534ea9c09fda4d32df0,52321c7bbef6efe571dd45e55e635deca328520c29054371a1e9810519c0334a,pending,,,,,
牛肉,ぎゅうにく,N5,beef,163655,250857,私の好みはどちらかというと牛肉ですね。,I have a predilection for beef.,08d072d30a0199d00a7d037b5759d3c61059fab0f67cfe76c261674ded93e3ff,b59c00154a6856ec5d60092299cdf1dcf720d3a797ab6d146d953f4b2af06e0a,pending,,,,,
物,もの,N5,thing (concrete object),155847,258690,僕は子どものころ、よくこの浜辺に来たものです。,I used to come to this beach when I was a boy.,712c0b14bd50a9528b10a9d05eeb2030cfaddbb19d7cec46e4c28de258ca09b8,0e7b0c8e9c431b87fd35bd4f7addf4bdb3b12ae1437fab2fba221f556adca408,pending,,,,,
物,もの,N5,thing (concrete object),188666,22322,遠まわしに物を言うな。,Don't beat around the bush.,248d9f00a338995a7f1ff38320d58698d04bced743429fec5e30325c3505a9ff,02d4e50ea70e9051dccb9a81f743908b8416759f536668c7d6dc45af7879bf46,pending,,,,,
物,もの,N5,thing (concrete object),233014,70382,あなたの妹さんに会いたいものです。,I'd like to see your sister.,956cf948787912e29de09903956d36efc0aae58bdac96c7779d63005be65c2c2,8cc81d8e60b83d57cfea58416a57ed07e8ec28c6878ed902d70ecc3e179930a1,pending,,,,,
犬,いぬ,N5,dog,74102,329618,気をつけて。警察の犬がかぎ回ってる。,Watch out! A police spy is snooping around.,3db179901ba00c653953d41026846365e28f9d5fc819b19a34f4b2d3a55fec44,76eb71d776b5fbf6735d09eee7b05b4693fff896d3b6537903ddc4ecaf7409e8,pending,,,,,
犬,いぬ,N5,dog,86720,316991,彼女は吠える犬を怖がる。,She is afraid of barking dogs.,2f87e07636119b8551f94fcf7adc575da32537be6f6c21e0f2d8a9d2ec352907,50600218c283c214cbfa42e6da872a86f8604af51393c7e6519a3fbc6f308beb,pending,,,,,
狭い,せまい,N5,narrow; not spacious,90450,313263,彼女は狭い範囲でしか物が見えない。,Her viewpoint is limited.,9be6b0ae1494bfe629c56ce7e610c86d02a3e2be9bf2c9ca87a774a5995bbe52,94f88ac8f006333b7f75eb86c89f4f15a6519019ede9809aa5681a6553240304,pending,,,,,
狭い,せまい,N5,narrow; not spacious,219999,57319,この部屋は私たちにとって狭すぎる。,This room is too small for us.,3631dfb2dc69a5c45586145522ad5188893f0b7181edf00be153536198839668,110564d899ce198ccabce1334a5f86d4f2440f60e97e27ee9f9c7da0e25dfef6,pending,,,,,
猫,ねこ,N5,cat,233527,70897,あなたのサイトは、猫に興味のある人達にとって魅力的です。,Your site appeals to people who are interested in cats.,82b7d2c3d1f4e2f5d358ca7b18485475a58d7179160bcfd3ce88e47b79a8766e,10114062b4d1f4e05815f03922d53e9cf778eafeb4c689bdca6e055860df3de4,pending,,,,,
玄関,げんかん,N5,entrance (to a house or a building),200215,37416,トムが玄関にいるのでなかに入るように言ってください。,Tom is at the door. Please ask him in.,5b119af8022899af2f730b4112104b5a26443ed4a962103e2ad845a3c49afafb,8afaabaa5d295e0cd3bce1174bc0c0f924c9a9cc79cfa96392afb50016213bf2,pending,,,,,
甘い,あまい,N5,"generous, sweet",87340,316368,彼女は彼の甘い言葉にだまされた。,She was beguiled by his sweet words.,3a47ae7010a50e9bbb53c30827b6ccdad9cdd84b5c4c86bd4e7a23e37d969d85,b3b3001fdb16306cafdac6c2cc045724b6b20d245a2fc16d5db08843ef8c9edf,pending,,,,,
甘い,あまい,N5,"generous, sweet",192930,30096,ゆりは甘い香りがする。,Lilies smell sweet.,d44d220ad92211360bdcffb9ef747e7a62bafd99cef68f447343a55109abcdd6,b89fef4e0f98686361c2b4f8b258a48a52912a01660efac2f1ae39235e4bb8e4,pending,,,,,
甘い,あまい,N5,"generous, sweet",194851,32025,メアリーにはつい甘くなってしまう。,I have always had a soft spot in my heart for Mary.,418d81dc50136020d0f630c05156b59efec639a49a85f10278b3bd283efb0b7a,faf812e7d96e7b2b501343d11d652ce92b79a301a4e2afc81f6ae91bc2ad4e51,pending,,,,,
生まれる,うまれる,N5,to be born,232211,69581,あなたは何座生まれですか。,What sign were you born under?,35929b2b5d5417266fb6a4cb26ed87af6d29424c7b83e89e0ac028ab2a8b0b22,909874447b4924251a8961626046f31e4f299308db7e92bbf4cec3917160541e,pending,,,,,
生徒,せいと,N5,student; pupil,232241,69610,あなたは何と賢い生徒なのでしょう。,What a clever student you are!,f2c20ffbc566143f87098dd8e86b5d3e6e803126bc128935819fb08f5cccc0b1,2223f18e18511fc3fe0d51f94552a4f006282fee133d68cb7c14570b6e799c8d,pending,,,,,
男,おとこ,N5,"man, male",102560,68098,彼は多分よい男であるかも知れない。,He may be a good man for all I know.,8f491dcac643c1d198e039c3f29f477c70ae0b520ff027e36b56fbdf1f450ed4,492d635a0abd48e2fa26d96d6ce6eea564589d312b9f10943ab17ffd838887ba,pending,,,,,
男,おとこ,N5,"man, male",229532,66892,あんな男見ても胸くそが悪い。,I can't bear the sight of him.,e46a35a1cce3e8565503346039229038b8fbd19229afe018e0d0701de8bad088,704541d0118be84403d4e2e60677840751812907a6691b7605b5a8f91f2a4823,pending,,,,,
男の子,おとこのこ,N5,boy,231277,68642,あのハンサムな男の子を見て。,Look at that good-looking boy.,f4e6919e896fa73fe4287402b70634d43dc61dfab0e63481c67198b4b41c89ad,f1db1c9c416cb63d37def54e9438e9f2d6cdde5e49be5a72c0b181e318275519,pending,,,,,
町,まち,N5,town; city,75868,327850,町が一面すっぽり雪をかぶった。,Snow completely covered the town.,9b7b3c3052a60ccbdc50398948c372bee7f2dcc685a9d7bf33b66c00842717f4,057f9b9e75629ed020253492fc941873c98517388edaa3b8be2568b5a7a0a019,pending,,,,,
町,まち,N5,town; city,184128,21256,楽隊が町をパレードした。,The band paraded the streets.,0d09b1df0db0b1297a4446b5a8043ff9c468f76024f3253de4b932529fc87ec4,049f6abcc082e36972adcb5fbd28513545ee064586fbf4232b18d50a7b83eeb2,pending,,,,,
留学生,りゅうがくせい,N5,international student,235285,72663,３人の中国人留学生がその大学に入学が許された。,Three Chinese students were admitted to the college.,836fe50757941c1f9c8ac669992d3c0b99c82e40822ddf5ea840b0cff7e08b30,3fa4282ad94d5b93329a7a1dd41c6bb76be22e86244373ff80ed05ea62f5faba,pending,,,,,
番号,ばんごう,N5,"number, series of digits",228016,65369,ええ、じゃあ私の電話番号教えるね。,OK. Let me give you my number.,6fe16dfc10f23fd500143ed094a16dfdcab460eeedff272df593b91f8e559c20,c1dcaca474f87c7f98a71eec9cee5f5c922fd516e83f52fe60129419fb76c36f,pending,,,,,
疲れる,つかれる,N5,to get (become) tired; to become fatigued,212918,50203,そのとき、彼らは、ブラックベリーの林の周りをつかれて、のどがかわくまで競争して遊んでいました。,"Then they played ""ring-a-ring-a-rosy"" until they were tired and thirsty.",93d7bbe2706f72dfbea0b3d22f071120a28f2156d001771ebff3f19b14435612,ddd55397f5fe0e2d237a5793f010747a242a29d209b6fc70ce0c40596b113412,pending,,,,,
病気,びょうき,N5,illness; sickness,233045,70414,あなたの病気がよくなることを願っています。,I hope you'll get well soon.,d16e3506fc9450be10b3def7d5e1463acee508752a6da3f850493fc7843b91be,c5fb7ff3e9191c651ce04f0cba960473b1a7e0f45565774e11aa72e4dcc07322,pending,,,,,
病院,びょういん,N5,hospital,222301,59628,この近くに病院はありますか。,Is there a hospital near here?,f2591abf8b3cb21d590e2422620639c61f0e3b2d245acd1685d6534e15a67c08,e56ee5967ae4e5098be697fbee7e9bd6121ff5da69067bdd429c2f7f5fac320f,pending,,,,,
痛い,いたい,N5,hurt; painful; sore,226227,63567,噛むと痛いですか。,Does it hurt when you chew?,b2a2867cc46fc54c029721c7e62b43c21718800447deb19059fce33079b5fe39,50ed4c005ab6fb7b09b3dd04ca9bbaf9b5e07cc4a4536890f4442151ad3ed9e4,pending,,,,,
登る,のぼる,N5,to climb,96685,307017,彼らは川を舟をこいで上った。,They rowed up the river.,9d6f86f63617200226dfe6748166cdd874cc28af6088172b4476abdaf62f9e98,5470c3a617a77d19a4b88839934c145c61d802f57ca6da3a5b64d9f687d4c7a1,pending,,,,,
登る,のぼる,N5,to climb,139276,1184307,損失は１００万ドル以上にのぼる。,The loss adds up to more than one million dollars.,91427f0c457661f5e88962fac495f332f3e593222c96576d33fcdb52c8c8fa2d,aa7a1588f5f1eb630e5e36ed634838e8f716607b887cb9f4123e6eb23585fb11,pending,,,,,
登る,のぼる,N5,to climb,232915,70285,あなたは、上れませんよ。,You cannot climb!,7eaa8d28979dca82596bb086b93094a24fcf0414285658210beeda7af3cb1215,21fe3c1dec2a2d13902e503d72e9cf722ac1fed5f141230a3821ce620e3b1b62,pending,,,,,
白,しろ,N5,white,235399,72776,２匹犬を飼っているが、１匹は白でもう１匹は黒だ。,I have two dogs. One is white and the other black.,f5508bd2357d5f319dd60e8a6cc2c847c93aa09a6816ee1a9f2eeafc5f7e33d4,33a9363e43a65cbb5f254a48f757bcdc4d8c989d01a04b746f97cd5d37624d06,pending,,,,,
白い,しろい,N5,white,225128,62463,ケンは自転車を白く塗りました。,Ken painted his bicycle white.,acddbe1bf4d3fefcf9ab3fea3a5985c616015646c0afe1afe1696f243fa66935,420983d94ec776fae0e1b31b2ebe224be42bdbf1e535ce16562d35bea9fc62e4,pending,,,,,
百,ひゃく,N5,hundred,107412,296274,彼は口座から百ドル下ろした。,He drew $100 from his account.,848d904c0715ac7cdac0334838685b1c44c5ae8c6ec3618546295b668016fba1,4af1268f3e0fba30f92378616945a2cb89beb778045d0164a8fbcd8f3fda0e5e,pending,,,,,
皆さん,みなさん,N5,"all of you, everyone",195074,32247,皆さんじっとしていてください。,"Could you keep still, everyone?",8c0cd9a4ef95a20df859800e2168e1a4c6c20a650e27eaf6fa2fb0e66c22a09a,a75c1f3ce79de358c67bec77a1fd7a890d8be8bd2c906c9498a591111e2d0d1d,pending,,,,,
目,め,N5,eye(s),92969,413001,彼女はきれいな目をしている。,She has beautiful eyes.,274eda43d08649885ba06756360ba469ccea70ef8a89934edbe58b9001b84f19,7c7af42cead8aa17608940e92bb2546b824acd6bf762fa7a8f5dee93cb13ae1d,pending,,,,,
目,め,N5,eye(s),103471,300222,彼は崇拝の眼で彼女を眺めた。,He regarded her with worship in his eyes.,724e5e66cea0391b5488930fadb9f9c2e37bd13b910686c194102e07e893de0d,b51340736eff0fe3a000c406fbebb36cb1828b5838b408e6b472f8e1dc5c7bac,pending,,,,,
目,め,N5,eye(s),235532,72910,２つ目の角を右に曲がりなさい。,Turn right at the second corner.,080350a117e08034287cb6bcc32010c037477e7857f3077f2028e3179bd39524,fe867c84e2c77b7921d3680679e4b107b823faba64881b0cc2f6bc45d446fa9e,pending,,,,,
眼鏡,めがね,N5,eye glasses,158805,255722,私はメガネがなくては読めない。,I cannot read without glasses.,0f3ed5d5cc9b28367fa40443e37add6099b009f0101b49dd875dfa09dd28095d,9ef1528ecd58c12d4a26f686e56924c3b7c04b811ba22ce541b0b343fe71b3c8,pending,,,,,
着く,つく,N5,"to arrive at, to reach",184624,21752,各自席につきなさい。,Go to your respective seats.,9da47e7461033a7f7e4a51d0f59e8cf31680acf3a2aa67cf31b77c2c6ccf2b58,32de0b4ebd95d3c2fb53595af3d505fbf961ae9556996114f5f29a1a279d8bfa,pending,,,,,
着く,つく,N5,"to arrive at, to reach",234138,71511,あなたがロンドンに着く頃には晩秋となっているだろう。,It will be late autumn when you get to London.,5f16297672e3523372551739931aa9fade76a586ead1ea84d3247abf9f3817fc,a162b47c4fd3e919517b0be2dabb5f5bf8d1f6529f80401b3ce6ef3fd8027e40,pending,,,,,
着る,きる,N5,to put on (clothes above your waist); to wear,208015,45272,その男は反逆者の汚名をきせられた。,The man was branded as a traitor.,50639a67e9a1463f2df4b20d9951fa6785c0a184e6b1b9152fcf9aaa10d730d3,0baf0e6ab6052b3bb879494f12c485346159ffe5489dce116b9b577d51c364c2,pending,,,,,
着る,きる,N5,to put on (clothes above your waist); to wear,237263,73962,「あの赤い服を着るのはよしなさい」「なぜいけないの」,"""You had better not wear the red dress."" ""Why not?""",4415b092b1132175ea59640be9b0fd12a08488bb91413df36c0d9f3fa9959d5d,6da4fa1e227a59e98bf0e44b5e8e75c4b2f86fe5a0158e098c8c65c35e8396e3,pending,,,,,
知る,しる,N5,"to know, to understand",156309,258225,私は自分が感じたことを言えるのが必要であることを知った。,I find it necessary to be able to say what I feel.,87ab7c26a3531270cd9d7a9465e7cad4295f2d2f1bca592ea84b5816457c783b,2c1ee9b6e7272a742889b00e00e60fe3fadf5a18b1674d80a238d0e8849f2894,pending,,,,,
知る,しる,N5,"to know, to understand",232897,70267,あなたは１９９０年から彼女を知っているのですか？,Have you known her since 1990?,42a314fa8cd0dfb6a82a000646a847f9e2af1c24b4045258bebdbc069dee5a34,5e3e438d7d46231828f96be2edaaee0d6cc637b31ae2ef6a8876c04cae323b04,pending,,,,,
短い,みじかい,N5,short (length),106004,297682,彼は私に短い手紙をくれた。,He sent me a brief note.,47eceb81fc4cf88c91f2efe4936b14a369df98c0977046062c02dea46baa5592,7a51c8b6ab11f1d34e12c6288cdb3382d875e6553cdc887175fb9fecaabbd025,pending,,,,,
短い,みじかい,N5,short (length),122959,281043,日がだんだん短くなっている。,The days are becoming shorter.,ef83000288de662305d63946409a47fa792106691aa1e5f099cd52c32558143d,a0506c9405912eb7a7f72348527b75b895fa15cda4b792e0e818444d7e56ed30,pending,,,,,
短い,みじかい,N5,short (length),231055,68422,あの犬はしっぽが短い。,That dog has a short tail.,906c590d2d5e7a19665482fb1efaba03fd203cb3b34843f5c26192252e4c7059,b8806b6064e381827c5b3ed09504f3963af86c393fe97dfb506c134885265d99,pending,,,,,
石鹸,せっけん,N5,soap,197617,34803,ひげをそる前に石けんをつける。,I lather my face before shaving.,cde6cccd79f900a67ae92e00366e43f1d26f55e4f3c6f297e27d56bdc6e1ae8c,576acfc8dae12e324240276a4e64bceaa5d888016b31a20a7581285e13115a72,pending,,,,,
砂糖,さとう,N5,sugar,197997,35186,はちには砂糖が全然ない。,There is no sugar in the bowl.,1ea9b1f2f9b76a1ecb5b52a7dbb79b9752fffae5e53bc7bff61498276175d768,fe98a9d93c94c77678ca996108cc35d7ffbd7bd3dd4a5ca69a7cd2d33742fff2,pending,,,,,
磨く,みがく,N5,to brush (teeth); to polish,125434,278558,弟は銀の食器類を磨いた。,My brother polished the silver.,a0a08172be877e4613f184fbc8d30a21a97ea0d5bf62a8374d2d58b717a008cc,74b6bfdfa6219e3c36177c70b67786a276774487ee15441bbd353c1361e891f5,pending,,,,,
磨く,みがく,N5,to brush (teeth); to polish,184229,21357,学生は読書の技能を磨くべきだ。,Students should develop their reading skills.,f6ee4443e82e6836b761bf7b2d6e4c2566e02f3e1b9bd173009ce092a50b668f,5bd92d8ffcbd7a4b08f656dd0f9125ac82da4a7b01272d93b48b68a35c2f357c,pending,,,,,
私,わたし,N5,"I, myself",140263,274310,騒がしいホームで誰かが私の名前を呼んでいるのが聞こえた。,I could hear someone calling my name on the noisy platform.,dbbc11597e9d1c2c9c0f9c297dd7196055765e33f1974467c7b5e89761d5d6f5,8a50c061d8f6c5a0446cc46437c8b2ab5a2e5fab169b99062257e1393df9cfa9,pending,,,,,
秋,あき,N5,fall (season),148208,266351,秋には木の葉が落ちる。,Leaves fall in the autumn.,2aabf10e3851a7aa496d587d256febc513aeeb105aac78f8a4794ccd4036f666,96159338103ca4a2112160c23a0b6cbe070f6f4cb21d58ca24589f98fa75b58a,pending,,,,,
空,そら,N5,sky,191980,29142,ワシが空を飛んでいる。,An eagle is flying in the sky.,e7de0fcb920be9169de2388246382fff892f2b4a1835f89f85da4826aa596214,85f5ff87775b2aafa311329cc093bc5f4856ba458e7222ce204c07203ae08c42,pending,,,,,
窓,まど,N5,window,231771,16831,窓を開けっぱなしにしておいたの？,Did you leave the window open?,91d2dd16dedd47ce3cc7697fb0e632891be9bf986cd22a51a70295ed139fcc6d,99281b9fe6540af2a0dc35d7bbe2d1d125e79c01bd015f51e9ed361fa81d8796,pending,,,,,
立つ,たつ,N5,to stand up,96928,39818,次々に立って出ていった。,One after another they stood up and went out.,11177c00fa933e3eab6c472cfb1ab0f113ab0357d43f41fb8151ab1491f94caf,cc4d291e56580d12d09a90006688d5757de8d4f534f1225487958dbabba0c8a2,pending,,,,,
立つ,たつ,N5,to stand up,168369,246123,市は月曜ごとに立つ。,The market is held every Monday.,9067290aa8553cc8e80c0da0d325282ebb888341e0c50cc20992c4acf9785b3c,9fa9e76fe87d9797df02995025ac6d05486a94046d81a4621e24a065e291acb9,pending,,,,,
立つ,たつ,N5,to stand up,188733,25879,煙突から煙が立っていた。,Smoke was rising from the chimney.,d601d6e3e8cb99fda66712d791a2f19f43bf7d7c3ca706d72e6f314810c6b6e0,ad3144884597c295a245049b93898c44ad15eb3d73b5acbaff70681822a1424e,pending,,,,,
答える,こたえる,N5,"to answer, to reply",236468,73825,「はい、ありません」とジョーダンさんは答えた。,"""No, I don't,"" said Mr Jordan.",8ea30f1c445760f257de1ce5e61b84157b9f821e7814ecbe1ff0a0a3bc2a44f8,5609449088eb58d6c6d69099f78abd6342f5ebbdfaad2caad50a15aa5b22d74b,pending,,,,,
箱,はこ,N5,box,209521,46783,その取っ手を右にねじると箱は開きます。,Twist that knob to the right and the box will open.,4ebebbde5c8a50adb5f134a6eaa15b3484bb569661033a914bebcf7dffccd3c3,efe9d9c383cc7fb49e4ffe735ea54ebd5dc70ba100ac30e762a2617f271c4275,pending,,,,,
箸,はし,N5,chopsticks,151817,262738,私達はじっと押し黙っておはしを使って食事をした。,We ate with chopsticks in restrained silence.,bf1c90e8ab4eacb187fa73ee18997b2945a489e8ef94d5c60e2a4d82a9332836,23e592badef4f7fb1ec682d348473ec9eecd77233e3a07d62b6d65751e86006d,pending,,,,,
紅茶,こうちゃ,N5,black tea,173510,240960,紅茶２杯とコーヒー１杯ください。,"Two teas and a coffee, please.",59d6b7ab482d42c22e94f167eef960e7a366c1ee6e3773430cc9c17a88309c7e,c5daa0dce0d9b0309637db24f8cf4a7730cad2e0764ac81d866a2eedf40b1378,pending,,,,,
紙,かみ,N5,paper,151205,263352,紙は木から作られる。,Paper is made from wood.,1a022959c62fb0aebcc9010c372cd71a9bd1033779159bed9e6d6e4ae05f1ecd,0b2aad3abfb2db3f93628a9366e47a66ddb9771a01f693909b9f4fa0005eb38b,pending,,,,,
紙,かみ,N5,paper,151212,263344,紙に線を１本引きなさい。,Draw a line on the paper.,70d136a029a799062d69cf17e5c8ca529f49e808013cbed9b8175e36ed7599d1,6c411d4a2cc354a96a19fe1ab63a23b838ddc3577ee8d55e2d326ea1d5a22fb6,pending,,,,,
細い,ほそい,N5,"thin, slender, fine",102553,301141,彼は太っているくせに声は細い。,His voice is thin even though he is fat.,1f5c3e298dd0569f0ee0c5df30fdbe47a043e0c39b166326322fae3f1246e1ed,c2e9463215e53644e50b708e5b0c9a1d40deb10406187b20128fbf29d415ca7e,pending,,,,,
結婚,けっこん (する),N5,marriage (get married),175753,238712,結婚の申し込みが殺到した。,Marriage proposals flooded in.,083ddcb98864b358ce565d3f2ca06031ef7161a5147415e1a6812982fcac70c3,660db913e1e52fc3dd01cb1666e56111efd56f6bac89a0e67c312bc2ac0f8bef,pending,,,,,
結構,けっこう,N5,"splendid; enough, tolerably",94079,309626,彼女の髪の毛は結構短い。,The woman's hair is quite short.,cc375fb6cf41e45312555a897a1891a7389f6c3116de3d7c4451d127c8a44a1f,1782a9541a79142c5925c899d646dda965319ca1c3ee742bf622ea4af03b66c1,pending,,,,,
結構,けっこう,N5,"splendid; enough, tolerably",200732,37934,どちらの日でも結構です。,Either day is OK.,1120c1cc51cb6f1fe2a03e1a4b32c6e8586b6a185d2ab147b295941b751e8ae3,c57eb7e107d62c728858e3c19b01227b8c20fd1517cd178923e98b72163a2c6a,pending,,,,,
結構,けっこう,N5,"splendid; enough, tolerably",228472,65830,いや結構です。たくさんいただきました。,"No more, thank you. I'm full.",dff81b3f28e6356bc3f30a1bb6064ed5b66a568b3a2b38781e61e172b55042e4,7ac82b8e383b973cc6e79dd6b2c58ba44e983a751cb0a97f4b21fc9df0ff62d2,pending,,,,,
絵,え,N5,a painting; a picture; a drawing,231126,68493,あの絵を壁に掛けなさい。,Hang that picture on the wall.,84b7cd3135e2d6bd169e3cc713611125a44f206926abdde54b32b1ae7e0eb701,f077ecda29a4338568bb2e52228cdfc4e53dd85bf21e7bd5151e8f47d9b1653c,pending,,,,,
緑,みどり,N5,green,74154,329566,東京ミッドタウンは緑がいっぱい！,There's a lot of greenery in Tokyo Midtown!,a8aeaa81db1a0b54b18e5261df61a19a2176866c32605d87bf08424d91a64ca4,417c6947385fe011dc9c1155ff222b74de8c221bdb3a2235cdd839855f7911ad,pending,,,,,
緑,みどり,N5,green,231486,68853,あなたは緑と青を見分けることができますか。,Can you tell green from blue?,c7a9739cf09c42ccf879e97cc6952677e06df2eed08c18b39283687699dbf1d4,16924beeabc4eb8203d29a628beccd94324e05d5cdc7bb7285e6e970777c5442,pending,,,,,
締める,しめる,N5,"to tie, to fasten, to tighten",78324,325393,離陸の際は、シートベルトを締めなくてはならない。,You must fasten your seat belts during take-off.,04eb239f7eafe74ea4dccdbb776ee9a561ec7dcf19b1eaa2a8d6d4ed1072a469,6dbba8ac5234b987e61d259352b8855eed7d70aff69febdaaa95278d6714d2ca,pending,,,,,
練習,れんしゅう (する),N5,(to) practice,232827,70199,あなたはいつピアノの練習をしますか。,When do you practice the piano?,dbb2903f590163020d9e92db096350da4e7cc283803810ec1e1ddc1dc00e3574,313fe2db2cd17093ddaebd2330755a3fcf4030f247e9e1b40999eaf010096536,pending,,,,,
置く,おく,N5,to put; to lay; to place,147864,266697,宿題をやりかけにしておいた。,The boy left his homework half-finished.,91094af0d835c26cb8967eb304d25cf5c8dd609a50ddd802a735f1ce3e106e84,1f1b146a860ad2ee1b62aebc231b5b1ce4d6dca4a76d73344914c44c0141129b,pending,,,,,
置く,おく,N5,to put; to lay; to place,204648,41889,それをテーブルの上に置きなさい。,Lay it on the table.,0bd9690b6081d7ee5332031b60c9badaee002ed96248854456a8c0bdff35bd3b,2008a76a42015b54b22fcb2f33117c504e0d90389ed215df6721704f41f83a4e,pending,,,,,
置く,おく,N5,to put; to lay; to place,234564,71940,あいにく私はカメラを家においてきた。,"As it happens, I have left the camera at home.",bca2401984db22f8d9c4e80f3895adba2e6020b894fdd614bc0f8aa9fb56e6bd,4fc99d63d94e6442086ae7086bd40948a72f5ae4f1fd74225a84e588f31af916,pending,,,,,
美味しい,おいしい,N5,"delicious, tasty",227834,65187,おいしい食事をありがとう。,Thanks for the delicious meal.,ec6d7b8883c6ee4002c59689148053125c16c6ba26ba436ddfad03eb97ebb922,403826b95de91e31350c5233ca093ec3a216f951a974d1c96fa89f9e235db1e2,pending,,,,,
習う,ならう,N5,to learn,149053,265505,車の運転を習っています。,I've been learning to drive.,a4d20030cc78a4bcdf956f934ca982e0f4ad31e3f0a944f586809407e702353c,60d0cacba1501a1e404c482ee8b58014e956b0d827b5fb110724dd850c87a64c,pending,,,,,
耳,みみ,N5,ear,86049,317662,彼等には音楽を聴く耳がない。,They don't have an ear for music.,ad77fb3bf42bb6011779e59eb08ffa671cedc6709c367606512f85f43f185464,3aaae807c30dd8223354f56035ebed7864fe62c5c86390e3e26b01aa0a6604e2,pending,,,,,
耳,みみ,N5,ear,150159,264398,耳の不自由な人は手話で会話が出きる。,Deaf people can talk in sign language.,dd516793756f7e0574ac6dc838c88946193b56a4e553c62883106579726b13f2,0563fdafeb5bd6b2f30b43e1ca3f067930c03c99d9be5d6cf93fa627a36c621c,pending,,,,,
耳,みみ,N5,ear,156052,258484,私は受話器を耳に当てた。,I put the receiver to my ear.,f3649ae28e62fb9fd12c334a254ed5c946c2108ab4dbbeb4bf54fa657fd6319f,f1a26614dc33d1643eefe1838cec33278f0e3a7264d954d7acc71a088a2f1f8a,pending,,,,,
聞く,きく,N5,"to hear, to listen, to ask",190130,27287,一番のチャンネルで英語が、７番のチャンネルでは日本語がお聞きになれます。,"You can hear English on Channel 1, and Japanese on Channel 7.",1623e0d04f55172335613dcd2b4f9188ef149010bedeaca93f59232508e6aa70,6deab0bbdac20b3e92f0dbca4ae9046139f51159339310fd2bd8f225efc32960,pending,,,,,
聞く,きく,N5,"to hear, to listen, to ask",191816,28978,音楽が好きで、毎日聴いています。,"I like music, and I listen to it every day.",76561fc228c4e3371a155830605b27bd23a69aad04fd444f275c218b628eb300,e0e26faf46b8bfb2890c21d3acc9e7feaca8afdbc0b17c337bd66d29ffebbae9,pending,,,,,
肉,にく,N5,meat,122994,281008,肉によって生まれたものは肉です。御霊によって生まれたものは霊です。,"Flesh gives birth to flesh, Spirit gives birth to Spirit.",b2aeff131be31a424f5417fab65c32b5d2ed16f04b9891bfbe7ea57d0d857327,7b7429503e297bf831ba377e7b0db239a2c74ee08d20d20c47cea8f25d3a9aa3,pending,,,,,
肉,にく,N5,meat,207446,44699,その動物は肉を常食としている。,That animal feeds on flesh.,543139c3229d2a4e0d88d84d4c106d744533fffdc59c75e3e01a7bfd48436ec3,2f99f9877c2e9727326ad87e3a7a4262fa7cc595870271849066404a2c39494e,pending,,,,,
肉,にく,N5,meat,211437,48713,その魚と肉を冷凍してください。,Please freeze the fish and meat.,2ceee5b3e08ea3d49c2d95af2a2c1e10a22bb8ff0746524318ae1129b4373db5,244f4e133f4e8f1c4823e295c16981519dca94c51f63abb5206c68c7367910b4,pending,,,,,
背広,せびろ,N5,men's suit,155725,258812,私は新しい背広を買った。,I bought a new suit of clothes.,e9ac0fe68d938ce3485cf17bbd0fce25513c302e773e9d93f7a82827730bdcd2,f643b19bb82d2d8ef55e4201ae8f111ce79d64d6b60b90606f06a5c5ad3ed06e,pending,,,,,
脱ぐ,ぬぐ,N5,to take off (clothes),224569,61905,ここで靴を脱がなければなりませんか。,Do I have to take off my shoes here?,ca2eeb888ad28128eea2a97c4de9a7aede8db7e687edee65b78dce99cfd0729f,0201429858dd0d9f498789409212c40e68a2df18b2530794e40808b64ca6d8b6,pending,,,,,
自分,じぶん,N5,"myself, oneself",80873,322842,矛盾する報告を受けて、その役員は自分の立場を考え直した。,Conflicting reports prompted the director to reconsider her position.,a2957cb93dfece3ca5665d5b9aac89499e763b36285d154e5fe3ee230032d780,98ae7370557577d813a2581a9481ac86ac7cf62c90f242cfe473ceb8974fade8,pending,,,,,
自分,じぶん,N5,"myself, oneself",214299,51591,スミスさんは、自分はニューヨークの生まれだが妻は日本だと言う。,"Mr Smith says he was born in New York, but that his wife comes from Japan.",b26d499500281f3e1702a0ef0d65e925934304c96c56b9196cc0e5c95ea1f759,96b2f0c38f68b768a4d1e0a500ea5c1265abb3053a82e037cd567ae9610360b6,pending,,,,,
自動車,じどうしゃ,N5,automobile,151781,262774,"私達はその自動車を12,000ドルで買った。","We bought the car for $12,000.",3358a4776606d598ceff3cf79f8bcff25b582f526f0cd1bd493c75cade86414f,2e1d57576ceef5f6a12be06cd4a5badd55049483eaa629c2ede539b0311655fc,pending,,,,,
自転車,じてんしゃ,N5,bicycle,225128,62463,ケンは自転車を白く塗りました。,Ken painted his bicycle white.,acddbe1bf4d3fefcf9ab3fea3a5985c616015646c0afe1afe1696f243fa66935,420983d94ec776fae0e1b31b2ebe224be42bdbf1e535ce16562d35bea9fc62e4,pending,,,,,
色,いろ,N5,color,81073,322642,満足の色が彼の顔に浮かんだ。,A look of contentment appeared on his face.,409c558c0f2625452961c1d7259615cae55bfd7a0c728ee4666df1e8a223d958,63a0d1deb89bcf4de8a4b4fb0de590a66a0612cb5fb384d66c33d10f1416b46d,pending,,,,,
色,いろ,N5,color,208887,46147,その色は彼女の髪の毛とよく合った。,The color went beautifully with her hair.,deb1f9292fd45852d24d22f12d3991e21d2374862179cc5045054218ad2fccdc,2ed53bdce49fa6e4bdc415ea5a82290c7a296431274179e63091de5906e74963,pending,,,,,
色々,いろいろ,N5,various,145949,268613,色々と有り難うございます。忘れないように彼はそれを書き留めた。,Thank you very much for everything. He wrote it down lest he should forget it.,7996f9edbefcd9f0ebe0050359b45c2e7ce533a37790ee7fe272c8185020a3d3,8f11dd2f34519dae91f0ebef94eee25a56add55d70e61afa80961f1f02185a1a,pending,,,,,
色々,いろいろ,N5,various,228437,65794,いろいろな国へ行ったがやっぱり日本が一番いい。,"I've visited many countries, but I like Japan best of all.",43ab69e6734492f56474209fcf530ede747a88779d65170110d79967bc6ccd1f,655d3f450cf27f13568dcfcb7d0c992f781b54cee71e201d5490602081caa5ae,pending,,,,,
花,はな,N5,flower,165351,249154,私たちは梅の花で有名な水戸公園を見に行った。,"We visited Mito Park, which is famous for its plum blossoms.",810f5cbcd9f785dbd2c761b2aedf53da5f7fb04d8390d0de2fff8beeb68b7796,acc86523e4e6941727fb8bc5b8f04b56002a7bc8c03f80386264ab7366e0e4fc,pending,,,,,
花瓶,かびん,N5,(flower) vase,186605,23741,花びんは粉々になった。,The vase broke into fragments.,8e12b65573e479d1b68ece797126417f12908345c690ca5a681cc4649b69b6b9,28366f2e64043cf1b504a754c09b44b82c88e04ea795fa48afbf4faea809997e,pending,,,,,
若い,わかい,N5,young,236166,73541,「彼女は若いですか」「はい」,"""Is she young?"" ""Yes, she is.""",9506ee227d04681ff494436d61f6da98f19aa34669fd06dfa16f30be5e43fbb6,2a5e2a27b5796a5abe394fd4465b1294cbbbf66ca1ee84a87f71bd40d5907583,pending,,,,,
英語,えいご,N5,English (language),230259,67625,アメリカでは英語を話します。,They speak English in America.,003df2d0c9b6fc9f404828c23b3b8afd59f0659f7b06c0241672a0d52960e09b,ea11b1c0bfe6614f254b25082b105194a6e2811d7a659f1a80b7b092ad4c8928,pending,,,,,
茶碗,ちゃわん,N5,rice bowl,102177,301517,彼は茶碗を床にたたきつけた。,He dashed the cup on the floor.,2c2a4ee0b2654b7ce718bc2f548b64ac01cee5c91c0914a7b918937fffb34fb3,0fe4902c20fa768746e233e5169ed207e8d1425519085cabaa12addfba7a2e0d,pending,,,,,
茶色,ちゃいろ,N5,brown,210959,48230,その犬は茶色で小さくて、やせています。,"The dog is brown, small and thin.",a6ae9238f1240ca1b25b5f120faf0960583b0fa36866dc54692c1b5bae671702,213b7f18cc5bc396ccee9fd4fbbf9c8a6e1dcc0343197c47877e19b61543feef,pending,,,,,
荷物,にもつ,N5,luggage; baggage,102979,300715,彼は前もって荷物を送った。,He sent his luggage in advance.,c02008e55937b2a5aa4b3a096b97636779b242e3ca829f9e349314123f88c473,481d77010f251fa55f6e76cd88db0f132af208c4489d295c546d24dab2c6867a,pending,,,,,
葉書,はがき,N5,postcard,198303,35495,はがきにこの切手を貼って郵便箱に投函しなさい。,Put this stamp on the postcard and drop it in the mailbox.,efddc863679d4006b2cfd42dbc98186b3064a5fbbf0f6630dd4ab59b67a8bdaf,3d611f384c8b2769c6b2aef2d566361fc0255654fe36c7b85a11e046b12130c6,pending,,,,,
薄い,うすい,N5,"thin, weak",122981,281021,肉を薄く切りなさい。,Cut the meat into thin slices.,7375637b323303fc04871523ce3490d305091e3113f4c50fc9d9b52554d6e177,a8f1f5c3c4ef306101fca2ab4c63018b54efacddfba5ca09787149e7944210b9,pending,,,,,
薄い,うすい,N5,"thin, weak",155577,258961,私は成功の望みが薄い。,There is little hope of my success.,85c397796880b5123768cf2283394defb1177af83a1e465d1a2e6954afc86283,1d93e875ab404da98303eb9312f6fbac47bc8fb52f28c834afb2027c1f4286f9,pending,,,,,
薄い,うすい,N5,"thin, weak",228272,65626,薄い砂糖水を作った。,I prepared a weak solution of sugar and water.,1e7068634dd2c8d22c4cc0d7712d2c9fa356c7f30918127fa21aacb90dd90867,887abcd8c83d98187646b4b262c42c536b78d24765171a7b8488c5fa412794f6,pending,,,,,
薬,くすり,N5,medicine,219263,56579,この薬を飲めば、あなたは頭痛が治るでしょう。,The medicine will cure your headache.,e9891f0c1926110571f0c52282e4ef8a2529b93d240655d2c3c9e79fd0606d68,661cb50721e9d1e2efbdb58385424fe36c0eff545e90551c96a9f5a33b168c1d,pending,,,,,
薬,くすり,N5,medicine,219297,56613,この薬はごきぶりを退治するのに効果的だ。,This poison is very effective in getting rid of roaches.,52159c54f461005e4f0abd2e0c14fad6d895c8627e4708b7d34652833f332592,334347b0377cb8234b31a098f4366cb40839850f9e769d7c34c2a1b158b4a92a,pending,,,,,
行く,いく; ゆく,N5,to go,212159,49438,その音はだんだん小さくなっていった。,The sound grew fainter and fainter.,d90d9b706cb1bbf68916ba2d99b4e989bd5a25886fb7c39d49371e016acae407,41f15303c7fcaf56129922ed9336de87d08efad14cec04c5ca3c6233f195349a,pending,,,,,
行く,いく; ゆく,N5,to go,226648,63992,お母さん、泳ぎに行ってもいい？,"Can I go swimming, Mother?",97a52b3d04c9a9894d7208b717abc26f5a065d4c5c44ea932a6c6c776e7d886e,cd0abd9ddbf2cfd00f057dfcd96219169b23fde4bcf14bc6c4bbf46ac6e47f10,pending,,,,,
行く,いく; ゆく,N5,to go,391896,391897,探検家が山中の道なき道を行った。,The explorer pushed his way through the trackless mountain region.,17b5b6b5019693515771110998c8486c13954260293962a0f67e18f51191368e,51057e57f4c0ce584875248cff13661d6a9b8d6724813ac6bad02c45308ea72c,pending,,,,,
西,にし,N5,west,77480,326239,列車は西へ走っていた。,The train was hurrying west.,3798bdb19734b1f456552636dbe1eaa498b9b0346cefa98cb643795b46596f53,c93101037e1019149ab3bfcd101b588966902199c25bd0ca529be0d3c262f212,pending,,,,,
要る,いる,N5,to need,172740,241734,今のところお金はいらない。,I don't need money at present.,4179d8c29c02d84bc75189c40b344586b2a5dc26c3818f67bf05765cdef5bdc0,86256409636877788c14ace5772d40ea52326ede19764370f8c2aaa2a0a86b56,pending,,,,,
見せる,みせる,N5,"to show, to display",76039,327679,取り繕うように、笑ってみせる。,She smiled to smooth things over.,777ea9adef2b593b4be69832caeef9cbada3a6dc07966d50e005fcdd79ce76d4,0cecafa502c6186ad577fae9dacfb79e0d54b43c209e468fbd0f403d0c51d370,pending,,,,,
見せる,みせる,N5,"to show, to display",87558,316149,彼女は背を高く見せるためにハイヒールをはいている。,She wears high heels to make herself look taller.,05f0346b952c63a169cc9946af0a2e0c57f83b5ab3cf325f2359c5a48ab26c6d,d40edca8bbde5bd496fe492cd566cc0652353897791349818576331f9caec3eb,pending,,,,,
見せる,みせる,N5,"to show, to display",199417,36618,どんな手を使ってでも勝ちとってみせる。,I'll win no matter what it takes.,618624da1363d23b1a4edb57443ab374d18e48dfa68e84c23dfe182d2b7dc25e,6cbe0f6687b82564c4fa2dae0e9252de736d95aa83df848b0a78fe5c77b89f1a,pending,,,,,
見る,みる,N5,"to see, to look",74030,329690,私も親の面倒とか見られないですね。,I can't look after my parents and such either.,9d79d94fda4d80c7595720e8a01fbe33204eb8c58a621d7360b725e2c0b6289d,f3d707737bf7652f6d0f126a8062856c55106ea44a05fa12f48e68ae5602280b,pending,,,,,
見る,みる,N5,"to see, to look",189303,26448,映画を観に行かない？,Would you like to take in a movie?,e13944f8851c7c7279690a91918aba990bcc79b093da94dfc484fd878908915f,6fb6e3b1f5ba36623969a318a60278aaad3eacb4a885e5cb2370f80adcf2c585,pending,,,,,
見る,みる,N5,"to see, to look",236082,73458,１０ページの５行目をみなさい。,Let's begin with the fifth line on page 10.,4a3ec712384f51dc1fcda3a7a31592bd3e09112e7ded4199e02ba61fd02d576b,9a9c7b10c0d185c569d35f147a3ec7e93f8cf6b27af18bc606632372cf48cf30,pending,,,,,
覚える,おぼえる,N5,"to learn, to commit to memory, to remember, to memorize",122337,281665,日本語は外人にとって覚えにくい。,It is hard for foreigners to learn Japanese.,3466134e63d5be675ed80efd78ba0f93a448522f5bb8ffa09d28e94ff3c31ba1,14fa364ebb7169cc5d0ed955471a5ec8fbd2ffed63fbe2509136058c57731613,pending,,,,,
覚える,おぼえる,N5,"to learn, to commit to memory, to remember, to memorize",212152,49431,その音楽には本当に感動をおぼえた。,That music really gets me.,77c4133f63eb5a727642061c1c5eb78080c0be53a1debecd112667cab7881035,afae2f3cd856305d46df361248013e6583a896664410826d10111c1b1e4411a7,pending,,,,,
覚える,おぼえる,N5,"to learn, to commit to memory, to remember, to memorize",233980,71353,あなたが知っている事を全部彼に話す事を覚えておいてください。,You must remember to tell him all that you know.,d6b86320e5d21bc2fc69442fea977426f2502ca2795d950ef8747c86988ad911,914585f06c0b578dfc45eae81166b583ca2a0fb804b02cd58ff3dd1bd01f36e8,pending,,,,,
角,かど,N5,"corner (e.g., desk, pavement)",150299,264257,次の角で右に曲がりなさい。,Turn right at the next corner.,b3556d5fc10d3919eb92738ca1145ad7621e566d0cce35a074bfdebf2930cb2b,b8cc585ff8bd1a48f8ab361c2e82c53448673e5699bad845200f20d2add39527,pending,,,,,
角,かど,N5,"corner (e.g., desk, pavement)",157888,256642,私は角にある劇場に行くところです。,I am going to the theater on the corner.,029547024982efef4b0c6bdf8f3def4397e83dceda2ce1b3f989c87bbf9b16ac,fb4cc7bf6780150bdde0a519c258eca8b903110c4a226a7aad85fa7d65adbc11,pending,,,,,
角,かど,N5,"corner (e.g., desk, pavement)",226064,63404,ぎざぎざのかどが彼のズボンに引っかかって穴を空けた。,The jagged edge ripped a hole in his trousers.,e31b7a81421113e3fbbde39c2ba965d7897e3731672301eb7b9304c10806dc8c,eff622723c79093502552e3be071aebeeec26bf50ff68d3f7dd862e40b252930,pending,,,,,
言う,いう,N5,to say,220315,57635,この動物は日本語で何と言いますか。,What do you call this animal in Japanese?,7e2c20f057eba0c279d9d1c31b5f9a5b6566e3d8c70463ef1ac343a4d7ea7780,77941f121a8d16e7287bf0e7b836a965fe237e72fffb938e0ab558a60a4e31d5,pending,,,,,
言う,いう,N5,to say,236431,73797,「みんなひと休みしようぜ」とジョンは言った。,"John said, ""Hey guys, let's take a break.""",11bd6ef933b1ce5a7048873ee84ab4280bdd20bd8f86cb43332f80fb70adf022,621b4cd9b1edc66fb7c2a5a6d7eb6c5e9b1c98e225246b78c1eb2552132b5476,pending,,,,,
言葉,ことば,N5,language; word(s); expression(s),78508,325208,乱暴な言葉を使ってはいけない。,Don't be rough in speech.,c481eef890016a5049806e451c6fed48a1499bbdde7cacdcf43a5c82e7c3b77e,2d337408855346f9c34af5c84f2e0b297730b92518b900c2ea8092b956eeda57,pending,,,,,
言葉,ことば,N5,language; word(s); expression(s),174713,239755,言葉が出てこなかった。,Words failed me.,10a063ce7b41944ce00f0e315c376ee905b09762379dbbcc83676917b944edbe,434ca329a94cfca237fb0b510720d00223dd4e623deb36c1fcc28298eb6ff2ef,pending,,,,,
言葉,ことば,N5,language; word(s); expression(s),236336,73702,「言葉の一面は、伝達しようとする意志である」と彼は言う。,"""One aspect of language is an intent to communicate,"" he says.",7ae1efa9a0161f3995862e1ab325242d96adbc30ceef81a973a7c0c96eea618b,32b81aa1e2cda449b76cc1a489a19b7e2d85010e52c364da750c5f20c5ec6b08,pending,,,,,
話,はなし,N5,"talk (chat), story",77142,326577,話を聞かせてくれ。,I want a full report though.,6db468fa1b106be67d4f9a2e20bc057dd3e83b8e3b1b5e6db9fea7e60ce27274,0a359360cbf11a9654d6c8faf470bf78a06573aaece59fac6f58aa01f4e225d9,pending,,,,,
話,はなし,N5,"talk (chat), story",144570,269993,人の話に水を差さないでくれ。,Don't throw a wet blanket over our conversation.,ff2a2d30d27810079df2b277dd9ad86df61bb93eb674d4a591c1646a1475db66,f73a634e77585f10adcfda740fa7315cb91d910c6c792c3de858d6900a0a02c0,pending,,,,,
話,はなし,N5,"talk (chat), story",174979,239488,厳しい冬になるという話です。,They say we are going to have a severe winter.,6f02e5cc6f06cebf6dcb4feda5034ce2ddba525464948edc0cea93ece70a4ee2,830e629100d023ae2486e00646584a7b93fc5241551eaa5ed1772c0aa5daa3d8,pending,,,,,
話す,はなす,N5,to speak,189149,26297,英語はカナダで話されている。,English is spoken in Canada.,c700ce22d20656f4a024d8f894d80f374909678cb8fb71e45d773e784e4270dc,e9bc6b6cd860088d5e83e6ff4de02d7d3bf7fa7afe2f0024c9eec083ad9c78e2,pending,,,,,
話す,はなす,N5,to speak,215417,52718,ジョンはお客さんと電話で話した。,John talked with his customer on the phone.,7bf596e04ed56712c4eb357c7019f44673dd70c7a62b88a763154afc445d8077,108ed2993ec962f19f7eb3fa11e0ac009011f4077b2197e8fcef42e5ca23846f,pending,,,,,
話す,はなす,N5,to speak,233207,70577,あなたの趣味について話してください。,Please tell me about your hobbies.,eff4ed1462c83bd87f40221c359efba772e0aa324f79c60b2efe0f108c5a6662,57b1ce9bb5ba78e74072e9c26a5eb95f0a08a32679ae12da795a5bcff8b4027f,pending,,,,,
誕生日,たんじょうび,N5,birthday,171822,242653,今日は、妹の誕生日です。,Today is my sister's birthday.,3401f7d806e412af8447999e407d4615b0ccbaa4ec450a61421a68f6db418cca,45a576cb9cf8c9abedd31f3084b1662d863fa28447812bdad8f963e757871184,pending,,,,,
読む,よむ,N5,to read,94272,309434,彼女の心の動きを読むことさえできなかった。,I could not even make a guess at the working of her mind.,dbdc0ddcbe6ebe8de15c0b589b9103682302cb99deb8b7d574002ecbc5b7a709,b8f18e37a31340c0617b4c47330f7aa8ffee88733093a26245dd16951999a650,pending,,,,,
読む,よむ,N5,to read,195029,32203,ミルトンの作品を読んだことがありますか。,Have you ever read Milton's works?,3bcad536bc9820f1acb805c149ca225bbc21f93b976fe24b76d8d4f011161404,fe5634190bf2b5f24385a957ffae0c3023b7db5605f49d9f8c62d37fc4cb4e1e,pending,,,,,
読む,よむ,N5,to read,12281611,12281613,私の頭は楽譜を読むようにはよく慣らされて居りますが、どうも暗号を読むには適しません。,"My mind is quite accustomed to reading music, but deciphering secret codes is not its forte.",e2b089a2d324e9a76ceaa3b8850bc79c105dbe8f1023b1adbeb37dfbc65b18f1,52a4e47564ba342f5cae5a75ee0708cc24828dfb95fbbd8eb415e0b1614449bb,pending,,,,,
誰,だれ,N5,who,234401,71776,あそこに立ってる女の人はだれですか。,Who is the woman standing there?,505b66d4a791574895ddba6b8e9efbd1d62a55946a74e3b112676857f9593894,fd6e771cf619d1809beacf6c4456361b710f9c88a47821a021f31920af5628c9,pending,,,,,
誰か,だれか,N5,someone,236233,73610,「誰か車の中にいるのですか」「トムがいます」,"""Who is in the car?"" ""Tom is.""",dabcb62c5791757b4c5c015b1aee07e1e97a3dd595df4e0eae7081097a54aeb1,8a26e4fb1197d76a825a03b73bbbef703ddb4879ae4c15ae444ee2fd74fedab6,pending,,,,,
警官,けいかん,N5,police officer,235580,72961,２０人の警官が現場に現れた。,Twenty police have arrived on the scene.,aee24a51d8a56eea2a74a04c8f9be54076cc85f2aa206b917ffab3c1b5e455ae,725208a00d8641c1c03abe014ca184090d7e2ee666681ec2939a75dc5a60a69b,pending,,,,,
豚肉,ぶたにく,N5,pork,204184,41426,そんなわけでダチョウの肉は牛肉や豚肉の２倍以上の値段となる。,That's why ostrich meat costs more than twice as much as beef and pork.,9de4fa0382472b397feb886a5accca6d0b14640edded8bc558e66171afb530b0,daa0392fce2edb206588ce1ee1f5ebe71d2b4cf1ef99d30e846aceb77856ff97,pending,,,,,
財布,さいふ,N5,wallet,233280,70650,あなたの財布は私のに似ている。,Your purse is similar to mine.,1e3cd5a2d133a38b426ca2dc44adf4dad6c0122f4fedb29acbd69711e97717e2,699d6524ba4212aa165fe3832c32264cee7687cde4986f0c88caeeb65cd55d34,pending,,,,,
買い物,かいもの,N5,shopping,235706,73085,１日おきに買い物に行く。,I go shopping every other day.,5a8e0f57d0ab5401acaa226c9acaf786bccfa2fe8dc92642d800eb42b4831971,0eb975028e75af9ee352caa93a4eb8d004954688536150c4576f449b228846d2,pending,,,,,
買う,かう,N5,to buy,118308,285355,彼のスキーヤーとしての優秀性は十分に買っています。,We fully appreciate his excellence as a skier.,f5cff90a9f5dcbf687d7de4a5195325a29e7d6c4b4d36967542aa1eaffa9aca1,d69ec1c84375e5046c66039ee76046c575dc4f4339f25a05d2af478c747cae7f,pending,,,,,
買う,かう,N5,to buy,119699,283963,彼が絶えず侮辱したので私の怒りをかった。,His constant insults aroused my anger.,304010790a53eeaea27631379c4a8284b9da4cfc38cb007a6d0f5206b1555a9b,6673ae2be982bebdeb688dba929f66a909c1e1fb21ce677cd7a0a1bddfefcec2,pending,,,,,
買う,かう,N5,to buy,148935,265623,車を買うために貯金をしている。,I'm saving money for a car.,2eb8a47abaa6ee7db54af0724331dcec3e4593bc9ac37ac698be7428c892516d,7de78c316de155886205bd95433cbd50e5dc44ce51faeea5cf3b7c1f7813027f,pending,,,,,
貸す,かす,N5,to lend,184099,21227,鞄が必要です。貸してください。,I need a bag. Will you lend me one?,a6421df454cea1754666aa30804f6d9c31b66ac6cf68330cf807df6dc3d74181,8b049aa5bc29ae652c5d7bc827889977de61b8e96edb12594d5079cea7872549,pending,,,,,
貸す,かす,N5,to lend,187228,24365,夏の間彼らは家を人に貸した。,They rented their house for the summer.,b6ac6e06e488047cc42b6719091250d4569c4b73f4a8f744d0826c6b88997a27,67ea417d567b90a5392d28400b93a53ed9d28377189a0d03382c4b3ff8c52d57,pending,,,,,
質問,しつもん,N5,"question, inquiry",209899,47162,その事故について彼に質問した。,I asked him about the accident.,d3f8b5aad3a91f72e7b6d1ad7299ef278079bf3acd2f95a5a8ca04177cca29fc,54c2a5d0e5e8d52d642178af2046a895d81963fd84f7045a7ddbe62929c614a8,pending,,,,,
赤,あか,N5,red,74141,329579,サダムが脅威でないなどと言うのは、赤がかった反戦運動の人達くらい。,It's only the anti-war pinkos who say things like Saddam isn't a threat.,59f510f205b9d129b69e17fa7eaa18e457972fb4111fff7d4747ea5ec0ce6f2a,4e14a9c0a293c0c3da52531301da2a0efa5c64fc5acd2113e311bb7fbb1d1036,pending,,,,,
赤,あか,N5,red,145704,268848,信号機が赤の間は道路を渡るな。,Don't cross the road when the signal is red.,2c7a5028cd4c0e4a42309ae54024fcaf0b464300636432b4d22329bcf7af3171,cd2472a8592202948bded9a5684031d3b6ea9ecf5a37eff55be600b3221c3806,pending,,,,,
赤い,あかい,N5,red,88306,315401,彼女は赤いスカートをはいていた。,She was wearing a red skirt.,84b90522744d6f980ebd45525ae62105e5ec3fc5271a8ff0829867ff621a01d0,ea304ee23147af2182971bc93a0cdcb27d5d7a5046d60979c03d1600a29a2a6c,pending,,,,,
走る,はしる,N5,to run,111274,292409,彼はバスを目指して懸命に走った。,He made a dash for the bus.,5c9fdc5d75a7e444979b334d901b2dfa9c23e5546f2337f06d41bc042081397e,b3a20ca3ad4859ce71b2ca4d675d7dd1d18cd78dc1127053b5bb8a96a6defa4d,pending,,,,,
走る,はしる,N5,to run,144698,269866,震えが背筋を走った。,A shiver ran down my spine.,78c063f47876b980b72dd8564963571d40699bc716a83252369739447fdba1b9,cc1c3bed6a0499d48b736f8e8a62323e9d751cafeb3a98999e5b3ecb70a88e70,pending,,,,,
走る,はしる,N5,to run,221403,58727,この車は以前ほど快調に走らない。,This car is running less smoothly than it used to.,bfb61270601747008aa463cb79fe106d7c86644ba98c8468a12594f593069548,25f029a814b9d7f6eb8b3ed546bfef4f2dd488ddbd7b70943e775f56fedc3bae,pending,,,,,
起きる,おきる,N5,"to get up (e.g., from sleeping); to happen",227112,64461,お子さんはまだ起きているのですか。,Is the kid still up?,f0b5f85d34703eef12fe26e583bd7a278d9c392da393fd0b9ddb86a3b6bdb4c9,7f1d0f538a50867964c4620566a4f7787a63cf9a2fbdf6b893d23251be86b442,pending,,,,,
起きる,おきる,N5,"to get up (e.g., from sleeping); to happen",235061,72441,６時ごろ起きた。,I got up at about six.,0bd266ff996173999e4610043bab141785759a5450f1b45997575df6bc17bbe3,cde8f8a6b51950b0dbb87cf65e42f372de038148b1e196d855d468895c970fee,pending,,,,,
起きる,おきる,N5,"to get up (e.g., from sleeping); to happen",236286,73651,「事故が起きれば、すぐにわかるよ」と彼は言う。,"""If there is an accident,"" he says, ""they will know right away.""",2e0e7a10c68dba500c91ef2c301f677b62e5493a2f48f5a73143cef6fee9ecd7,5ce5a9c6c65c98284cc1bac3f446ea04badda3678bcdc1aafb007f5fe3e8358c,pending,,,,,
車,くるま,N5,"car, vehicle",148966,69282,車を運転する時はいくら注意してもしすぎることはない。,You cannot be too careful when you drive a car.,7b5b936c433a8eb1577c0977261eb8595012362612d0a5707677a6d5d19f5ac5,53022cdcfdd49c80c1ef0f90be27d3712b608a862b6aae222787c1a4b47ab71b,pending,,,,,
軽い,かるい,N5,"light, non-serious, minor",74010,329710,私は気が短いし、口も軽い男だ。,"I'm short-tempered, and a loose-tongued man.",b292d646d40e0924e8f7eb1951ab961ec5b3f326d7c5e7405547af64f65c8bcc,fcd19c8f6798b13a10b10904c42f184416c6208f684f6807229e93ba80336d4a,pending,,,,,
軽い,かるい,N5,"light, non-serious, minor",74145,329575,終わったあとも足が軽い感じがしました。,I felt very light on my feet afterwards.,8cc51aedac293d391c8ab9f5cb8109e921bca39fc4e8629a88d48e5d53141743,962f931d4f9b5a8c6fa94437a65cc0204d988f693576a4fcf3f577b0d49f52f4,pending,,,,,
軽い,かるい,N5,"light, non-serious, minor",157365,257168,私は軽く肩を触れられるのを感じた。,I felt a light touch on my shoulder.,af369fea24f45bbd29fb9da422365b0c7d81cbd484e96218f1d6064ad2b91b70,e621fc36146d0883f6617855bd10134550bec9d066d0be8378ebd14c7bd62b7b,pending,,,,,
辛い,からい,N5,hot and spicy; salty,88070,315636,彼女は多くの辛い思いを経験してきた。,She has gone through many difficulties.,ed0053f274515cd359376dc69ce290157b12c0fd0ec8e50b1058339b1a2a6235,13a29dc7d8e061a35e2bd9b9d7b7a6e0e12bdbaeb5c8c1125dfed9977ad1237c,pending,,,,,
辛い,からい,N5,hot and spicy; salty,155680,258857,私は辛い食物はあまり好きではない。,I don't care too much for hot food.,b13941a885b020ba86c0c117638caf12ad8a8735d0b6e3f47465ddee9fc7bc15,131077f26f9562cb2097f4e8c3b70a44ddd92bbe5f52a7fdacc69e83075a9992,pending,,,,,
辞書,じしょ,N5,dictionary,142976,271592,正確なつづりは辞書で調べなさい。,I refer you to the dictionary for the correct spelling.,b1c9c109ddc4b9c30281fe66b8d77fa09c16cd2f2aca62d1fa8edb98e20fd5e5,022acd12704551d9326298e725f4efa488aacfff1560384b0a0b213821a29789,pending,,,,,
辺,へん,N5,"area, vicinity",142870,271699,正方形には四つの辺がある。,A square has four sides.,dd8af73f0c66108488f0d80d3c52bff72e313326e9c6416e799866a1d9256dc6,bc1e1132e63289712b3d560caefec5a5dd2bec1fedeb76eddbea6cd205e00be5,pending,,,,,
近い,ちかい,N5,"near, close by, short",225480,62816,クリスマスが近くなってきた。,Christmas is fast approaching.,b923cce04a2e094c1fda45d235b16b60ebd3740b22139d9cad6e274446e68b4f,7f740931cb85c1c923370e2c6da07095244ee2e15381378c3760340b2c4c7efc,pending,,,,,
近く,ちかく,N5,nearby; in the neighborhood,86849,316861,彼女は風呂付きの部屋を探していたのだが、この近くで見つけた。,"She was looking for a room with a bath, and found one near here.",11218fc0469eac58756b11ff698ae2f5bdedc8d56d13caa54fb8de0ed00f4a74,f690649b769443d5c3c18dd2594c1e14950f420c7ad71ae5f1710c2a6e91ee88,pending,,,,,
近く,ちかく,N5,nearby; in the neighborhood,173083,241389,国会は近く解散するだろう。,The Diet will soon be dissolved.,be7fdb692f1b3f89936625838fda6b7d88bfb828d66ba70f143bf192cfe445ea,b93117fabd44179750a7d0482ff401be62e5ada8c3789307852b1adb928adc30,pending,,,,,
近く,ちかく,N5,nearby; in the neighborhood,234967,72344,７時近くだ。学校へ行かなくては。,It is close to seven o'clock. We have to go to school.,2c270edbfdb9b106f86ba5199bf99aaa62f2b3d8aa9dbd9aa1851bc1551e65dd,22b891e6b8c8e697796676197b54c1d4417a35a7ded943890c6cb28ccea11919,pending,,,,,
返す,かえす,N5,to return something,226934,25481,お前は恩を仇で返したな。,You bit the hand that fed you.,9caecd317a19fe95263afbdac1b05f69634505038e44427442fd52021d0e71b4,6367b685f3b9f993382b9dd8d5f7db878fd56897805d1fe763e3b48f7cca43a2,pending,,,,,
返す,かえす,N5,to return something,227236,64585,お金は明日返すよ。,I'll give you back the money tomorrow.,0742c8190312674393cb19d3f7364456298528624562b77d80beb621f0e1398e,c6c6b6e6ea8ae692e6ec7c0f88db3a8d6977d390b1cdcdefeef7772bdadc2f4b,pending,,,,,
遅い,おそい,N5,slow; (to be) late,88159,315548,彼女は走るのが遅い。,She is a slow runner.,e75cb8c7b71b15c9b6f531445fd01cb9ef265585fb7466d21704e01ba74f0028,312c5f2edd4ae8563947d137b1293c2c466b2450a87dc542cf957e02840ce9fc,pending,,,,,
遅い,おそい,N5,slow; (to be) late,100222,303475,彼は物覚えが遅い。,He is slow to learn.,1b02a4c10d60943978965c3edc1ac4bc14400446322e7edb896b2a4a086db693,613d25cc9dd2dc8dd4d32a69f424910800406b2ee4199b9c39ee791cbfde7b5f,pending,,,,,
遅い,おそい,N5,slow; (to be) late,116240,287429,彼の父はいつも帰宅が遅い。,His father always comes home late.,afbe247700f7fd86d22450e06c8582375905d7a3f4ac1451721545e6bc9f7dcc,fb2014e52a710f8a0d8b8a4b67025c9e7bad5f137ec2f1c9575f0974f200ad5f,pending,,,,,
遊ぶ,あそぶ,N5,to play; to spend time pleasantly; to hang out,211540,48817,その機械は今遊んでいる。,The machine is lying idle.,eb977203cb753cdf2b9e8c0c46a9784e18e1916fa1fe04ca1c126642f8959bd5,a268983ace3ea98875873e913ef6471e6bb7bd2b8d515494309ed501233f3637,pending,,,,,
遊ぶ,あそぶ,N5,to play; to spend time pleasantly; to hang out,235456,72834,２人の子供が通りで遊んでいた。,There were two children playing on the street.,d079c83791beb51dbfa9b095b4093b5455aabe05eb7385afea9dcb153485069d,72174b26e5501880675b8dbb1e0d321787620905f2479d1d21704b0aa5ba9a75,pending,,,,,
道,みち,N5,"road, street; way, directions",75838,327880,道は急斜面をジグザグにのぼっていた。,The path zigzagged up the steep slope.,fe5e30ce1051b6f722e9807202b00433db7cfe6fdbedce5a80b221d6cc2a7625,69b3dbc8d944bcfefde7e828b6dd2a08c3935b10627c800b90e860cac81cd1a8,pending,,,,,
道,みち,N5,"road, street; way, directions",143981,270586,人生は重い荷を背負って遠い道を行くようなものだ。,One's life is like going far with a burden on one's back.,ca4a753f06c4ac4b41e84e2110fdd2c8e9ea29fd103652af3ab9fada843377d2,b381c764922d10cfeacda86bc964ec31aff3c3e659d2804ed86e9cd586f847df,pending,,,,,
違う,ちがう,N5,to be different; to differ; wrong,204211,41453,そんなばかなことを言うなんて彼は気でも違ったのか。,Is he mad that he should say such a foolish thing?,a126221fbceae2b5481be4e32d023205eb682d81571a39ae05a74403c28a0c3a,586b8074456a32f026b3aa1fd07a08e66e89f7cc7d15f0eb284081ae6236b87b,pending,,,,,
違う,ちがう,N5,to be different; to differ; wrong,207594,44847,その点では私は君と意見が違う。,I differ from you on that point.,31bff0eb35b98f346c04d0f0e5e514b8113b950fbcd1e138a8d71cc7ce03bb29,4c217040698ea5d5254007ae2483d441e6a913d37b1b3cd1a69a51c85ef1d692,pending,,,,,
違う,ちがう,N5,to be different; to differ; wrong,223368,60701,君は違う方にいきますよ。,You're going the wrong way.,9b7a9819a4e931f4de2c14ef0cba1ce69895a42d57a7cca09d5998e24d7e37ae,f870d8ca1d672937733954bbf599e4559821d193d1ff6b14b2a1d87e26625111,pending,,,,,
遠い,とおい,N5,"far (away), distant",101069,302627,彼は彼女の遠い親戚だ。,He is a distant relation of hers.,7e1e5922450d54055c79a1bcef67b24578ef0dcbd1a3f6246e61a40ca37cd6b1,fd35d64e36f5fc5feaf191cbfc19f373e90598c5066a47af08c1568748527ffc,pending,,,,,
遠い,とおい,N5,"far (away), distant",117993,285671,彼の家はここから遠くない。,His house is not far from here.,b7c0aff9a8b997f5055b1bce5a6c5226d69d24f6ef77027af80f7bd00d41fa58,48216c5b09830e270a25cd736ac7ea223198e57dac72d03257b57643037a7c12,pending,,,,,
遠い,とおい,N5,"far (away), distant",178043,16895,君の夢が実現する日も遠くないだろう。,It won't be long before your dream comes true.,ac4333d604d21d0165a1f62b68d4a41e92bb5304a65aabed382a819e199c4a25,7e5d7187328f3607d1a9c45505de04a40f55153d02f8b4223a8bbfd09510cd6b,pending,,,,,
部屋,へや,N5,a room,195194,32368,マユコは部屋に入った。,Mayuko entered the room.,dae4fad091155e6593512185cdbac8994c0cd46bf8d723a285d89561469a1fa5,0e3ebcd0751679acbc9ddd79bd0aca9723bf3903bca30ae0ba9f14288cccb8b2,pending,,,,,
部屋,へや,N5,a room,236992,251775,私の部屋は４階にあります。,My apartment is on the fourth floor.,ddac645cb4cd8d30346dcdcb159a88cc067d90e3dc9f536002309520d8013a70,5f9a2d42237edad4897c21c7d1ef8864207d4000cae40f78e6c25384f1cdbae5,pending,,,,,
郵便局,ゆうびんきょく,N5,post office,231383,68750,あの～郵便局はどちらでしょうか。,"Uh..., where's the post office?",20b21c119b25c744674e0c9f3e4eaabaeb94b61498d3ec93ef647043dc47fbde,b5b0774ad90bca52b7aab7457a7bb09773bb68c4ee5d33e38a8d3ff7f7634181,pending,,,,,
醤油,しょうゆ,N5,soy sauce,123656,280340,同社は醤油その他の食品を生産する。,The company produces soy sauce and other food products.,efdd0d44ca197e52c1c32a4d37bb0d47d2a0a5711e369b8fad02f3629946b7fa,b6c4dcc7aa038381862fddd08c5128b9354b89dae164c42ac8e912870c472566,pending,,,,,
重い,おもい,N5,heavy; serious,140940,273632,前途に苦難があるという思いで彼の心は重かった。,A sense of trouble ahead oppressed his spirits.,6ce5344852bcfd4dbb266e51585f920c798a777eab9dac7f4e212881d1727137,f69fa06378dfa407c6a85c59b92ec2087fc86c3307aaaa5fc2d06ec95426ef68,pending,,,,,
重い,おもい,N5,heavy; serious,159644,254879,私はそんな重い責任を引き受けたくない。,I don't like to take on such heavy responsibilities.,6fcf9d77d0df843e75c23dd35d55c6f2a2844b5ff8ea3e0379bf0226bfaaa44b,9506d54ad993f06179e822c6a5d5633cd1e812ba7f36604398e279974ff1cf80,pending,,,,,
重い,おもい,N5,heavy; serious,236200,73576,「彼の病気は重いのかな」「そうでないといいね」,"""Is he seriously ill?"" ""I hope not.""",45797d93d14e8f17ee24fcd25bc781a34cc0580fd7ab7ba9d4d9a681b25bee56,e0607208b5f58240038f7502f5de305dce0cbbf877eaab817bd92bafb37d0d52,pending,,,,,
野菜,やさい,N5,vegetable,207603,44856,その店は野菜を売っている。,The store deals in vegetables.,31739323a66b999b1bc22f1cf53da2ac8d8568c8dfd4b2d13e644ad663522e46,3f185b1e0c5ed78086102e3024940f5ee62baefc6ed41c42784c61ae0eebac5e,pending,,,,,
金曜日,きんようび,N5,Friday,179621,18479,金曜日の銀行は遅じまいだ。,The bank shuts late on Fridays.,687866516bf96c4473474b5a8a2297cd86ddc2fc532da83458d0b7e3f4fca637,fac54279e6172a460ffaf4a099d54c0cbeb432d44a1f7e4da45ba4f58cc00d62,pending,,,,,
鉛筆,えんぴつ,N5,pencil,196645,33824,ペンか鉛筆を持っていますか。,Do you have a pen or a pencil?,c4e01fc9f2dbdb5fbd5011213db892a71c6a8334a67e8939f799a7aa496d0a01,284bd5c3fe6ac2e4aae985ecfc4d88243e006d27c1a91ace2bb399a3aeaa19e7,pending,,,,,
銀行,ぎんこう,N5,bank,216508,53812,ジェーンはお金を引き出しに銀行へ行った。,Jane went to the bank to take out some money.,60672afdb9c8c545733e773f18f15ae5e1c30c26bbe07dab71bbbdd5a9071cf4,cf9859da8776da65eddfb838a37015493b6692c4449d77bada80b51dbf8fd844,pending,,,,,
鍵,かぎ,N5,a lock; a key,201787,38998,ドアを開ける際に、私は鍵を壊してしまった。,"In opening the door, I broke the lock.",be933e3088ca2d71dcd05a1d665c1035c3929b8b225fe333faa57e3901a082be,66fc1f10c3263e94a11f0fa21cb0dbc7ca664bd11273e5da70cb350d02c48bcf,pending,,,,,
長い,ながい,N5,"long, lengthy",118529,285134,彼に長い手紙を書いた。,I wrote a long letter to him.,55428469df23138a8e4c782b70c60bb5d683bedb274540a287ae350700925ef4,4e294e5837b5a84b5c07f72ac04221501b3760e5a0bc66ad494b340f127d2344,pending,,,,,
長い,ながい,N5,"long, lengthy",203060,40296,だんだん日が長くなっています。,The days are getting longer and longer.,b18ae8b829bb806415e7f6a74a4ea89f6849b0e1e1583a9548eda60f8c1d0e11,3b12eb449b54b4dd070521b0832bf6015269cfe84329337e4fdb5c9b74c97bcc,pending,,,,,
長い,ながい,N5,"long, lengthy",218166,55478,これは日本で２番目に長い川だ。,This is the second longest river in Japan.,54bf8f6e792bd73b897e8974da5bb470dea85b7b74b93f5024befbdb71097126,dba021db26f23de29176d5426930bc7c62c9cb15e7480d9f02c1edf135721abe,pending,,,,,
門,もん,N5,gate,235442,72820,２人の兵士が、門のところで見張りをしていた。,Two soldiers kept guard at the gate.,9240e714b4873a5a239c3f8195715f81d25e02bf85a6af985833f17ec2dc71f2,8a8c9110f1c5f4356a75d48f83510cdcb5bc8988903ed5b50c8fa332e4b04d10,pending,,,,,
閉まる,しまる,N5,"to close, to be closed",201896,39107,ドアが閉まっていたので、入ることが出来なかった。,"The door was locked, so I couldn't get in.",864810f615889c499d7d7d4b6d7a4a0779c6a29a1b91d39fee1ae38d7d9439de,d92c006fa0bae7bdbb5b8021ba0b35492b0ac65717c5aebc9432b7946a274180,pending,,,,,
閉まる,しまる,N5,"to close, to be closed",234558,71935,あいにく店は閉まっていた。,"Unfortunately, the store was closed.",55d53c393860af1b17b5d7cdb4bf7f7b7b3bf91053c653458efa18538e85edf6,6f9822c20b63bb2c0443ca8ecac2bd38454bdae34960371f7cdce6625c2327f5,pending,,,,,
閉める,しめる,N5,"to close, to shut",201657,38867,どうかドアを閉めてくれませんか。,Will you please shut the door?,ae09a1cebfef89691f5ea63a4715c2603ffaf7cc8bdce6160237b58bcefb4670,5c0208b8b237c5640aae58ea1dddec8fb5f2125d0fae1e1a1755f74378a94cdf,pending,,,,,
開く,あく,N5,"to open, to become open",207128,44379,その皮製の上着の両肘部分が擦り減って穴が空いた。,The leather jacket has worn out at the elbows.,bc5e691491502127e8b975f79295d2119cb86da4eeb236d35e6c757a9335f05a,587972275349dd1e8b62a140524e98ec68bea3a4b5f56085602885fbc632788b,pending,,,,,
開く,あく,N5,"to open, to become open",225720,63059,ぐいと押すとドアは開いた。,The door yielded to a strong push.,5c96407959b34a55ee42ef6af4a69068fa7355d8867c49e2679cee3b320b48e9,020edd0b671ca430296475342142743b51d9367ae2b00526fecb7294220adc03,pending,,,,,
開く,あく,N5,"to open, to become open",235642,73022,１塁があいていたので打者を歩かせた。,"With first base open, he walked the batter.",a8e2ec6fa4abb2c8d48be1f9e8e2c6c9bb41ef697adb00a07f8950750e9c7c5f,5e6e168cdf7e7e3665a6ffdd33e87923c52e20f3d5b7b81aa87f08a2f8718fd7,pending,,,,,
開ける,あける,N5,to open (v.t.),170206,244278,財布の中身をこの袋に空けなさい。,Empty the purse into this bag.,61b5967d4ce1ed2ad80e501bafea4efbbda6c9f699a518603c7a0469d3784b60,3abf000faad143435f6dc4be8dd9171a9107fd512c03d5bb0fa7bf043376eb22,pending,,,,,
開ける,あける,N5,to open (v.t.),233211,70341,あなたの手紙を間違ってあけてしまってすいませんでした。,I'm sorry I opened your mail by mistake.,a29244d3d1eb511cb4c4b15543300871fde38ac3a62f7a68b8b596f57e5ad181,7fb38eadd1166cd29046e1ef935ec23ad0cc3c6c7baa30e8e1d9bd55aa839557,pending,,,,,
開ける,あける,N5,to open (v.t.),235291,72670,３人の少年達はその建物の扉を開けました。,The three boys opened the doors of the building.,dfccda34961ea3f630afa5338eeaf8ae5d089673ab5681c47f1f0fb02d6677ab,8e145476ed52b98e7a6f6467934489961d79e2a8e157b7a89cd6bd4687723c47,pending,,,,,
降りる,おりる,N5,to get off,224559,61894,ここで降りましょう。,Let's get off here.,8e6a60675a0d56eb61b30f5b5e900049ad15a1cb9f2dcc7eaee8f0c380c27a85,74197ceadc426ae5526b45d9cfd9ea5f5ec9311d31a135d9cf4b25a1fe24646d,pending,,,,,
降りる,おりる,N5,to get off,225260,62596,今朝は露が降りた。,The dew fell this morning.,15e213d1667e414579a41ac90a5bbc2a27c6efe5b35da3e425dc92d1ef4c3c9e,eb2c564288c0d5e3637fb11fedf4479b69dbc141d470bcc57a35b909b4d943ea,pending,,,,,
降りる,おりる,N5,to get off,231254,68621,あのプロのスキーヤーは離れ業をしながら山をおりるのが好きだった。,"The professional skier liked to ""hot-dog"" down the mountain.",bef191c1579a8e8b9d226f95ccd9c6a12edf699417ed320405574544cf554f30,1387f7f7cb5cc6c27634d5d908f7a715d33d146a6d88e063aa504fd0be2323bd,pending,,,,,
降る,ふる,N5,"to precipitate, to fall (e.g., rain, snow, etc.)",216365,53669,シカゴのあたりでは雨が降っていました。,It was raining around Chicago.,aa5e12a97e0f12776dee2f2ee10c89220cd68646348bef555ab87f2a5a225178,16c988b156d055e11fa0d011bd20bc88d1dcd0f27494d99de9cc88648f31b2e4,pending,,,,,
階段,かいだん,N5,stairs,211701,48978,その階段を上ってはいけません。,You must not go up the stairs.,5c376d06b4a355831aac1ffd77034b7566f8f2ce135ef116cf594cc1e20a335e,eedc51a7b205945171f24e137d963874ea7b480bcf4d1e405eb341a1250470c7,pending,,,,,
隣,となり,N5,"next to, next door to",215623,52925,ジョーダンさんは彼の隣に座った。,Mr Jordan sat down beside him.,d1db5a477055c1f0cab097962f751d9b4eabc33e48c02373a6bdfce47bac64e3,4ddd104f1f9920916e13ebe1a87225199f3a163200f83bfe70d6e0ed658f8231,pending,,,,,
雑誌,ざっし,N5,"magazine, journal",210481,47747,その雑誌はどこで買えますか。,Where can I buy that magazine?,69c8b4fa9cf1653d53a33a560c1c4eda875f62bbccfdda88d4b171ce80909e26,68c68f6365fbddb1e784f9bafe2659384147859e63550726a12392557ff91259,pending,,,,,
難しい,むずかしい,N5,difficult,153328,261215,私は彼女に難しい質問をした。,I asked her a difficult question.,53930a566e903429e92d3330f8b9f86202ad477f0a1c029642eb2771b9c0d4a1,8adad8229e0abfdd399d566d53dd6e2da69ea733429b82b50b40bd2bede2eabd,pending,,,,,
難しい,むずかしい,N5,difficult,230415,67782,あの老人は食べ物に難しい。,That old man is a fussy eater.,07af2e0dec1a1cd1c901b383a19a6896f284332aca123325354074ef25942fce,34b5a8b178491346197e20d4555ed8be95b0c72eef8de8581104ca12f80b1d7f,pending,,,,,
雨,あめ,N5,rain,189587,26740,雨のために彼らは気力をそがれた。,The rain dampened their spirits.,547a072f4dc73dc04a62dae767111ed2160635acb319ba20041acd99fb657e3a,0727062100376f19388de742e43126c2cefc7ca14651e033c7d582fbb562cc7c,pending,,,,,
雪,ゆき,N5,snow,203358,407195,たぶん、明日は雪が降るだろう。,Probably it will snow tomorrow.,32131fe3606b0ada2b7ca8a62e8cdcbffe8536fa8fb10b0fe66e95654b55ada6,0e332212030bf206c8416d75274be30229488745f37271352c6e9f85f5cd8371,pending,,,,,
電気,でんき,N5,"electricity, (electric) light",124838,279155,電気を消すのを忘れないで。,Don't forget to turn the light off.,63e9c14b6245b0cecb9013e4deb72d57aca7a9d54284bec50ab70b837188f6ed,0754798a6e33825956893e7143a2756a4f76453ccae3a5dba90c7bd71912dd32,pending,,,,,
電気,でんき,N5,"electricity, (electric) light",223979,61314,このエアコンは電気を多量に消費する。,This air conditioner consumes a lot of electricity.,ecd298de1e72efceaab96cbb650885ce3db0e894af558d3f2fc562e610d34f02,be733de9ccbf3f29d075954510221d698b097d85edcb01ac4ef3a5e263d74fbc,pending,,,,,
電話,でんわ,N5,a telephone,124690,279304,電話は繰り返し鳴っていた。,The telephone rang repeatedly.,7c86ebd8f385c76faa28a67a807d99c5a8a0043b719434b11cb3b038e3969c78,161d5a169db24682fb93383179e6b4d5c2113db06814485c672e5863fe7674e0,pending,,,,,
電車,でんしゃ,N5,electric train,231991,69359,あなたは始発電車に間にあいましたか。,Did you catch the first train?,763d10d279b5bffccb0dd5282698447afb52bb123330b26f221381d1f5defa0e,b04e2ed4ef59edf228ac0dcefb2772f60934a47acbab07336b448b08ba568ccc,pending,,,,,
青,あお,N5,blue,145720,268842,信号が青に変わったわよ。,The traffic light turned green.,431cc91610d3f63e51b5231d554cd636521c30a529176a62cc52531397331a29,f7f691a35a8c540aa42f793e305e20c8b719db194c8c593f5a15b10792894418,pending,,,,,
青い,あおい,N5,blue,199202,36403,なぜ空が青いか知っているか。,Do you know why the sky is blue?,f871140cb25089528c252f28c81087fa4406f9b16d8477342a353f0a521b6d6c,38b1e1f4927c4ef5ad8d2141adc83b960c76c709762e3c2c00260fa66456a2e0,pending,,,,,
青い,あおい,N5,blue,207941,45196,その知らせを聞いたとたんに彼女は青くなった。,"The moment she heard the news, she turned pale.",e47293ac88bba1ff4625befc6c4b55004cd47e7e2c776e399fea63ba1c356e83,1b3ea559b6d8d4566cf9283afb717d7e6f5302e6a3c72c27f340f11ff222e431,pending,,,,,
青い,あおい,N5,blue,226939,32650,お前はまだ「青い」な。,You're still green.,e7586edbdbe0f49d2f58c1c7e80d07f0f300315135703767476aedea5cdcd9bc,44f1179a5394d619d65badc1bb5f273534be485d53adb63bee50f1828e453e08,pending,,,,,
静か,しずか,N5,"quiet, calm",225839,63176,キャプテンは静かにするように命じた。,The captain commanded silence.,f8c5f2dae40019ff66b5529ed857454b585fee49a4bc3a67a034b3df3d694edd,3c3f5e327180223fcc7e06e1ff85badb9fff7c90a7816a25bd51ec2524373d55,pending,,,,,
面白い,おもしろい,N5,"interesting, amusing",79585,324133,野鳥を観察するのはとても面白い。,Watching wild birds is great fun.,5bdb7cd0a09054bf84a8290f26b960b458af8ffa3c10773cd434f69a6c59dce4,ad9cdb1a69fe6672cdb97956bab3a4ca333b0ecc1cb65a8fc36e5f846f0d5f00,pending,,,,,
面白い,おもしろい,N5,"interesting, amusing",145177,269386,新聞には何も面白いことは載っていない。,There is nothing interesting in the newspaper.,30bad94b2120d794833ae13a96b5af5a47201ba59666165c8d8768ac75db66b4,aa96538fb8a5ed98df7da3d88268c6c4efe76880100c11763520ab7b09b127e9,pending,,,,,
面白い,おもしろい,N5,"interesting, amusing",219537,56858,この本は面白い読み物です。,This book makes pleasant reading.,27f2ec077fa866fa0a254be0eedd67c2307b0f2a150f74f9af272fb0b18ad846,dac9ef130de3956a0a96629fb0adca974522698a0c50dde723fd79657b4b8643,pending,,,,,
靴,くつ,N5,"shoes, footwear",225653,62989,くつは革でつくられている。,The shoes are made of leather.,c6e4cd050c5291be9e3848f4303001cc9291a1ab9eef66c82e0da7451d59d3aa,4d8002f37bee949860a8202e3e3b6ed211b81632a4e4b8889e681cfb5eca0391,pending,,,,,
靴下,くつした,N5,socks,222242,59569,この靴下の片方はどこだ。,Where is the mate to this sock?,d6ca16d231c8ecb5ce1d0aa336dfe3545875af7da8e988886a73b229ba10063d,9683efcb7d57da475e2762662137223645b238369d40d2ea663ba3bde032264d,pending,,,,,
音楽,おんがく,N5,Music,231187,68554,あの音楽は彼の気にさわる。,That music gets on his nerves.,833dd04b2740adc35902ebfea4cd668079ca2aa22dee2a85b4f470f8f7a530ca,f1d61fb4b116211c212f6451124c8f584a2e005b15b56ae742eeb22edeb7468e,pending,,,,,
頭,あたま,N5,head,168116,246380,私、ケンと付き合ってるの。彼って、カッコ良くて優しくて、頭もいいの。おまけに、独身よ！,"I'm going with Ken. He is cool, gentle and smart. What's more, he is single!",45bc6390ed990a35e0074da189c9dbb7b0978bda29c004fa819d74336aba4e7d,7d99d1c33d9c5912c9ed858634f6a4d3dc1180936ef3ea0902b2ef3a4a6327c2,pending,,,,,
頭,あたま,N5,head,229971,1345721,アリスは頭に花をさしています。,Alice has a flower in her hair.,86875051e4da205c7870fad91922dc24e56618d6912445f8c999b89f59c3da53,e9ddfb865b6e7b04910156d12165539f40de890e8ba1ababe24d42cb65c35c88,pending,,,,,
頭,あたま,N5,head,8504274,1025586,トムは先週の頭に車を盗まれた。,Tom had his car stolen early last week.,9e0e702d7f98c802f7e3f46669b517edea3dd1160ddcb75a08c65e5c3fc9aa36,bb142a239282a57997e673b7b4a7eb3cd9cab5973fe9e83dff6431c28d2dbb5a,pending,,,,,
頼む,たのむ,N5,"to request, to ask (a favor)",74709,329010,田中さんのことを頼むよ。,Take care of Mr. Tanaka for me!,6a5c604b8e568a7005846450fb09cb1aa4b96725d383dd64a10974b8a3dc9dc4,10c30ca8b383155349b50aebceb9dc139c45c8d44c7170ebb09c30e336408344,pending,,,,,
頼む,たのむ,N5,"to request, to ask (a favor)",167381,247120,私が頼んだものがまだ届いていません。,I'm still waiting for my order.,81125616bf317d868d8c436ec6a8e1020b7fdf3cf5df316d73ce5e1ed115adeb,1dbbfd2748c727b37db27d48d4f6273919196b1af80b8d6481c4e94a3ec6ad77,pending,,,,,
頼む,たのむ,N5,"to request, to ask (a favor)",233649,71023,あなたに頼んでもよろしいですか。,May I request a favour of you?,05ffabf45f947b70006ec29c32184ec5d0491b41bb9b99ad5c3329f01645b2e2,b8e781b7343561657913e87328bbd59af64ddac0bc627aa005674f188207c75c,pending,,,,,
顔,かお,N5,face (body part),196667,33846,ヘレンはみんなにほめられて顔を赤くした。,Helen blushed at their praise.,ad5df4cb453b4e377e703c7563fc2d637bfb5e12810ec86e35e2c86e8e18b1f4,9fb2fa82eb8ee47d7176e109a322c396e8668aa263b1018543a926bf0ce8fd14,pending,,,,,
顔,かお,N5,face (body part),12179631,12179632,露骨に嫌な顔をして、彼を睨みつけた。,I glared at him with a blatant look of disapproval on my face.,106813fcf9d92eb3faca08ef219e3dcf9932af59fde751fedea1e3f559524af0,92206e037f9fa50ffc20233652a63ee70611ad3ab93136092fba43dc4b5a391b,pending,,,,,
風,かぜ,N5,"wind, breeze",226491,63836,カーテンが風になびいた。,The curtains blew in the wind.,4da55c22bf903e047cc7f24d2f05b23c808bbe1ef9c0e08ff6ae02a0ed3d8a9f,7995ade3de9596902a774041d5706c38e403cdbf85c3b5cb8cb8898e313dc049,pending,,,,,
風邪,かぜ,N5,"cold, flu",203635,40873,ただの風邪でしょう。,You probably just have a cold.,7dc453352471050f02d049d38c7485f58c2c02a9cb1fd9fce51eaa2478a13fa3,d7ebf8fbbeeab140ca39bf9aeba098d695bbf36ee4e7959670c1367d90a172ec,pending,,,,,
飛ぶ,とぶ,N5,"to fly, to hop",85643,318070,飛行機は山の上を飛んだ。,The plane flew over the mountain.,704f0fa3f6284fe69a70ac805d8fad4d63fdfa0873446edb464e7269d5f2e007,000c8a07289a7bfd6a6d208c611737567fd99ff15330b84e822f36ee52356cb2,pending,,,,,
飛ぶ,とぶ,N5,"to fly, to hop",177619,16471,君はどのくらい高く跳べますか。,How high can you jump?,75791aa9d61aef358ab84c620dd7f775ddf209b88ced722fea8aebdd7bcaf38b,ef672a925917b327ac3f34a0ce4d94e056ab6a7efc45800932971e29dfaeb3aa,pending,,,,,
飛ぶ,とぶ,N5,"to fly, to hop",197450,34636,ヒューズが飛んだ。,A fuse has blown.,cca02e951d2e9b00465d5f31291b196246ef34a809d3d1e2170546a3a30fe3e0,9e1e6ebcdd185d71598faafaa8beca24e7490c2109bc32ac8429673cfb09b6ba,pending,,,,,
飛行機,ひこうき,N5,airplane,231608,68975,あなたは飛行機で旅行したことがありますか。,Have you ever traveled by air?,cc2cc363bcec9b284e30d259f04fcfcb9e8d40487622c5c4e81baeda1123cde1,820fbc8904d3d8230b0114f32d8e9000a0be90cc331faeb4036606ee322b0c03,pending,,,,,
食べる,たべる,N5,to eat,81964,321751,僕は脚本家で食べていく決心をした。,I am determined to make a living as a playwright.,c00ca24c3bce476b2c93a9a6124678c3682410f230d0bf29c4b71357e166a047,029d8bfff54067a41cb0bd118de0daabda25d437240d22e0f9fa5964b0d408a1,pending,,,,,
食べる,たべる,N5,to eat,193344,30509,もっと果物を食べるべきです。,You should eat more fruit.,c63fc5c17ef4031bc939e10ece4afa24779be6b0b468935346d1f5669e5246fd,925d74b7275e745f45b6307b208943bf4b4e0ce6b5a1a0971acca14305213042,pending,,,,,
食べ物,たべもの,N5,food,77640,326078,冷蔵庫の中にたくさんの食べ物が入っていますか。,Is there much food in the refrigerator?,947107ac6882e146a2770b0a215ec96dfc5165dc4eda462448c63b9ab8075ba3,b0210f2071fdda52f97d9ad2457278061ed2c1cc94950fc2a7f71961d64efed0,pending,,,,,
食堂,しょくどう,N5,"cafeteria, dining hall",151991,247439,私達の家は食堂を含めて７部屋あります。,Our house has seven rooms including the dining room.,837a9b2944074ef7e36bfe7179eba1bedeca600a0b171367a9f43cc215d87423,ad41515076b98bd3e41b1910805176c00e8ab5aba8626d179b4c3fb6090489a2,pending,,,,,
食堂,しょくどう,N5,"cafeteria, dining hall",157887,256643,私は角を曲がって、開店早々の食堂を見つけた。,I turned the corner and caught sight of a newly opened restaurant.,18a16170b092a48690c83a7bf63334e18ad8db7edb3b5a88b6b84b099984708c,c1e248f6fe5302fd4736345d21de75f0a79a05df5ac83ad6627407d04f52c62c,pending,,,,,
飲み物,のみもの,N5,"drink, beverage",188051,25190,何か飲み物をいただけますか。,May I have something to drink?,9eac032b9871fa7a3162356a68e90194aa0c70e1136670edc4c3b09d8a011d74,85fe153ec2f79f011a8a8a2dfeea34aec86c6d4ab5e84f23c64203a447bc89a5,pending,,,,,
飲む,のむ,N5,to drink,219269,56585,この薬を飲まなければ行けませんか。,Must I take this medicine?,089f39ad80fa5e31abc4c8cf333fc453bd1199ccfbaadc38b093d99d3cc3a137,538267d5e4335556a9d3e06458cda5e2c4aa17eb3a0a533fd4fa57d2759213ab,pending,,,,,
飴,あめ,N5,(hard) candy,139909,274440,息子は箱から飴を一つ取った。,My son took a candy from the box.,e8cb6c77e78b6778bfebd59ae8d1c39512d6dfbc2f359d1a8a91135f216c36c0,71e319ea747f785b134e06fa60250c6fbeb7ef4c435e8c01143d9897557f8e9f,pending,,,,,
駅,えき,N5,station,225536,62872,グランド・セントラル駅までやってください。,"Grand Central Station, please.",33701ab14caed30cd3832ea81f699518b5e9ec52473f17aa2c8352b70e471d09,e1b5c1557416cbeb81b9d7d914022a3b652ef003c633ed5d604086f9943c97da,pending,,,,,
高い,たかい,N5,"tall, high; expensive",84930,318783,富士山は日本で一番高い山です。,Mt. Fuji is the highest mountain in Japan.,3daad23e5483b3c283330ff9931a8f5c2de5baf325ec2366570b9284d66085c8,713ffacf196641bfa57615d8838952a84059e6f30a615dd174f8b6a9fca24672,pending,,,,,
高い,たかい,N5,"tall, high; expensive",145364,269199,新しい製造過程は高い歩留まりを可能にする。,The new production process achieves a high yield.,e1ea358c719530cd4d9a024a752896c93216e309de52a54959bfabfa15114c70,18f98d639f52ca7af9819669c806571951d1c5320fdc42d2fef767dad09c3119,pending,,,,,
高い,たかい,N5,"tall, high; expensive",204136,41378,そんな高い車を買う余裕はありません。,I can't afford to buy such an expensive car.,996a95dba3a49e1bb16c51cd27969e453a6653dcc14a661518e72931dba6e932,524069f637e6a31014b5f0920b459ce00aaf5c7741fa2a3b6cfe834f8e77a672,pending,,,,,
魚,さかな,N5,fish,225005,62340,こうして私はいつも魚を料理する。,This is how I usually cook fish.,235de7648626f5094afeb4b99de3340f322c7158b82635c98e782c7b06e8363b,79ff2400ffe5ebedbdff7f8e4b4079dd9a5b3ae5b92602bb167371a7601bd402,pending,,,,,
鳥,とり,N5,"chicken (lit., bird)",103739,299955,彼は森の中を歩いた。頭上では鳥が楽しくさえずっていた。,"He walked in the forest, with birds singing cheerfully above his head.",87686dc714896475e68833cc722cc2e6d756eec418c7c11cb324f506068c3b8e,e6736e2eee6344d17325c6c723413a8bcfb57a182d663058a1a54be67dfd38e4,pending,,,,,
鳥,とり,N5,"chicken (lit., bird)",125770,278222,鳥は料理人がほどよく焼いた。,The fowls were well roasted by the cook.,a0fc8a516dd8bf72efee36d0f1806e4f6ac1fecb80b85e1b0db86a7d0db22f48,8d10e5d94d61c931ec12ec7d3b20565ea0ba5044d4b431bf1036aa629e1f3705,pending,,,,,
鳴く,なく,N5,to make sound (animal),78846,324870,羊は何て鳴くの？,What sound does a sheep make?,6d3994a79b5d2447c3bb28580706dd376cf5e95e36b381a928b7b660dca17251,b87120b08e9bc2ad128a0f1dc86f923ddb8ee7c77e691a3b9e4cfeaf30f6d6d0,pending,,,,,
鳴く,なく,N5,to make sound (animal),226439,63784,カエルが鳴いたら帰ろう。,Let's return when the frog croaks.,98e8a8aba782f6cb88f2616e3d4df46bc549ec87fcfd9cc806bdb5fb37d3e90d,c62888336dfe808d59c6fe080cce2dc3ba7d06b60e39bf54fd17e9a6e1057c63,pending,,,,,
鳴く,なく,N5,to make sound (animal),231343,68711,あのかわいい鳥は来る日も来る日も鳴いてばかりいた。,That pretty bird did nothing but sing day after day.,672b089cacc683d49958e3467cf7d02c7cb3a4dfce763516c2e38dcc553af6b8,deb134265447b978d0668706b814766eea6f3c64014ae550c85f55ffbe5c9b6d,pending,,,,,
鶏肉,とりにく,N5,chicken meat,125767,278225,鶏肉を３ポンド分ください。,I'd like three pounds of chicken.,2f031af54cc6ea3549313caddfbd296fa9c02a239c3770d5f8992572849cf4d2,670d8b764861b854eea56d9835cc447c6b6fa338ae7254a1e9c07320a5109f1f,pending,,,,,
鶏肉,とりにく,N5,chicken meat,222186,59511,この鶏肉はよく揚げられている。,This chicken is fried well.,30851bc7275d1a2c3b6f583eb08691d198163655fedc85ccee54a1d4dbf2716d,e6fb47e31e7aea8d1b410874726a1e83c03829b52d77e7106e0559602ed6f2b2,pending,,,,,
黄色,きいろ,N5,yellow,146465,268097,床は緑色に塗られていたが、一方壁は黄色だった。,"The floor was painted green, while the walls were yellow.",e327270f1bb26c7df29c3279e8d70191336b146c5aeb7e28356da1f7361cd12c,c26690192eac524372468817529c46a993cd602c2bc4bc385a089b8b5e2ec47c,pending,,,,,
黄色い,きいろい,N5,yellow,148215,266344,秋になると葉は黄色くなる。,In autumn the leaves turn yellow.,e36ce0226d3563136b4cefa20ff08d4f7f81d28dddcb67169c79d7d609a5441a,14b5759923ee12c8869f837238e48b92c293907ba42800ce537564f9eb039b87,pending,,,,,
黒,くろ,N5,black,235399,72776,２匹犬を飼っているが、１匹は白でもう１匹は黒だ。,I have two dogs. One is white and the other black.,f5508bd2357d5f319dd60e8a6cc2c847c93aa09a6816ee1a9f2eeafc5f7e33d4,33a9363e43a65cbb5f254a48f757bcdc4d8c989d01a04b746f97cd5d37624d06,pending,,,,,
黒い,くろい,N5,black; dark,146191,268371,丈の長い黒いコートを着た、あの長身の男だった。,"It was the tall man in the long, black coat.",d42fad47427e4202cfe3bbd5bd3a8bf8005333eb6f54c353a4a11253be698fec,3f9dae39bc72cbe5b36fca3c98278097df404a7fdea0952aa3ec3ddce5552a72,pending,,,,,
黒い,くろい,N5,black; dark,148233,266326,州知事は黒い金に手をつけました。,The governor took the money out of a slush fund.,25bfc964f82acd6aaecaf84bc5312d10e44f1c2fc5948832b4e5cccf6d4fee99,b6da6e5c2e8569794f417b8ffffe0312182bf87954a08e0cfa9d54e95f19dc7c,pending,,,,,
黒い,くろい,N5,black; dark,198990,36187,ナンシーはヘレンよりもほんのすこし色が黒い。,Nancy is a shade darker than Helen.,026fda55c71cf05d7d13a82a6e594bc5a6cd8359ee466aa91c43abb4bb757b24,9c25b4bafaa3e08b5ce52d1396eec79d2ad28008053acfb359e46503b0f7683e,pending,,,,,
鼻,はな,N5,nose,85518,35123,鼻が出ているよ。かみなさい。,Your nose is running. Blow it.,41cd2297bd60cbb3489c74dec2d6701e581935d601677d924d868b216170cff7,aeb20c69474c70cba0abfd209eb494e1acf19753f0524d061d009b8e72f757b1,pending,,,,,
